PLAYER,BA00,BA01,BA02,BA03,BA04,BA05,BA06,BA07,BA08,BA09,BA10,BA11,BA12,BA13,BA14,BA15,BA16,BA17,BA18,BA19,MLBAMID,FirstName,LastName,BirthDate,Team,Jersey,BirthCity,BirthState,BirthCountry,ProDebut
Nomar Garciaparra,0.372,,0.31,0.301,0.308,0.283,0.303,0.283,,,,,,,,,,,,,,,,7/23/73,,,Whittier,CA,USA,
Todd Helton,0.372,0.336,0.329,0.358,0.347,0.32,0.302,0.32,0.264,0.325,0.256,0.302,0.238,0.249,,,,,,,,,,8/20/73,,,Knoxville,TN,USA,
Moises Alou,0.355,0.331,0.275,0.28,0.293,0.321,0.301,0.341,,,,,,,,,,,,,,,,7/3/66,,,Atlanta,GA,USA,
Darin Erstad,0.355,0.258,0.283,0.252,0.295,0.273,,0.248,0.276,,,,,,,,,,,,,,,6/4/74,,,Jamestown,ND,USA,
Manny Ramirez,0.351,0.306,0.349,0.325,0.308,0.292,0.321,0.296,0.332,0.29,0.298,,,,,,,,,,,,,5/30/72,,,Santo Domingo,Distrito Nacional,Dominican Republic,
Ivan Rodriguez,0.347,0.308,0.314,0.297,0.334,0.276,0.3,0.281,0.276,0.249,0.266,,,,,,,,,,,,,11/27/71,,,Manati,SEE BIRTH COUNTRY,Puerto Rico,
Vladimir Guerrero,0.345,0.307,0.336,0.33,0.337,0.317,0.329,0.324,0.303,0.295,0.3,0.29,,,,,,,,,,,,2/9/75,,,Nizao,Peravia,Dominican Republic,
Carlos Delgado,0.344,0.279,0.277,0.302,0.269,0.301,0.265,0.258,0.271,,,,,,,,,,,,,,,6/25/72,,,Aguadilla,SEE BIRTH COUNTRY,Puerto Rico,
Derek Jeter,0.339,0.311,0.297,0.324,0.292,0.309,0.343,0.322,0.3,0.334,0.27,0.297,0.316,,0.256,,,,,,,,,6/26/74,,,Pequannock,NJ,USA,
Jeff Kent,0.334,0.298,0.313,0.297,0.289,0.289,0.292,0.302,0.28,,,,,,,,,,,,,,,3/7/68,,,Bellflower,CA,USA,
Jason Giambi,0.333,0.342,0.314,0.25,0.208,0.271,0.253,0.236,0.247,0.201,,,,,,,,,,,,,,1/8/71,,,West Covina,CA,USA,
Mike Sweeney,0.333,0.304,0.34,0.293,0.287,0.3,0.258,0.26,,0.281,,,,,,,,,,,,,,7/22/73,,,Orange,CA,USA,
Jose Vidro,0.33,0.319,0.315,0.31,0.294,0.275,0.289,0.314,0.234,,,,,,,,,,,,,,,8/27/74,,,Mayaguez,SEE BIRTH COUNTRY,Puerto Rico,
Frank Thomas,0.328,,0.252,0.267,0.271,,0.27,0.277,0.24,,,,,,,,,,,,,,,6/11/29,,,Pittsburgh,PA,USA,
Johnny Damon,0.327,0.256,0.286,0.273,0.304,0.316,0.285,0.27,0.303,0.282,0.271,0.261,0.222,,,,,,,,,,,11/5/73,,,Fort Riley,KS,USA,
Jeff Cirillo,0.326,0.313,0.249,0.205,,,0.319,,,,,,,,,,,,,,,,,9/23/69,,,Pasadena,CA,USA,
Gary Sheffield,0.325,0.311,0.307,0.33,0.29,0.291,,0.265,0.225,0.276,,,,,,,,,,,,,,11/18/68,,,Tampa,FL,USA,
Edgar Martinez,0.324,0.306,0.277,0.294,0.263,,,,,,,,,,,,,,,,,,,1/2/63,,,New York,NY,USA,
Mike Piazza,0.324,0.3,0.28,0.286,0.266,0.251,0.283,0.275,,,,,,,,,,,,,,,,9/4/68,,,Norristown,PA,USA,
Edgardo Alfonzo,0.324,0.243,0.308,0.259,0.289,0.277,,,,,,,,,,,,,,,,,,11/8/73,,,Santa Teresa del Tuy,Miranda,Venezuela,
Jermaine Dye,0.321,0.282,0.252,0.172,0.265,0.274,0.315,0.254,0.292,0.25,,,,,,,,,,,,,,1/28/74,,,Oakland,CA,USA,
Sammy Sosa,0.32,0.328,0.288,0.279,0.253,0.221,,0.252,,,,,,,,,,,,,,,,11/12/68,,,San Pedro de Macoris,San Pedro de Macoris,Dominican Republic,
Jason Kendall,0.32,0.266,0.283,0.325,0.319,0.271,0.295,0.242,0.246,0.241,0.256,,,,,,,,,,,,,6/26/74,,,San Diego,CA,USA,
Shannon Stewart,0.319,0.316,0.303,0.307,0.304,0.274,,0.29,,,,,,,,,,,,,,,,2/25/74,,,Cincinnati,OH,USA,
Alex Rodriguez,0.316,0.318,0.3,0.298,0.286,0.321,0.29,0.314,0.302,0.286,0.27,0.276,0.272,,,0.25,0.2,,,,,,,7/27/75,,,New York,NY,USA,
Bobby Abreu,0.316,0.289,0.308,0.3,0.301,0.286,0.297,0.283,0.296,0.293,0.255,0.253,0.242,,,,,,,,,,,3/11/74,,,Maracay,Aragua,Venezuela,
Placido Polanco,0.316,0.307,0.288,0.289,0.298,0.331,0.295,0.341,0.307,0.285,0.298,0.277,0.257,0.26,,,,,,,,,,10/10/75,,,Santo Domingo,Distrito Nacional,Dominican Republic,
Brian Giles,0.315,0.309,0.298,0.299,0.284,0.301,0.263,0.271,0.306,0.191,,,,,,,,,,,,,,4/27/60,,,Manhattan,KS,USA,
Magglio Ordonez,0.315,0.305,0.32,0.317,0.292,0.302,0.298,0.363,0.317,0.31,0.303,0.255,,,,,,,,,,,,1/28/74,,,Caracas,Distrito Federal,Venezuela,
Sean Casey,0.315,0.31,0.261,0.291,0.324,0.312,0.272,0.296,,,,,,,,,,,,,,,,7/2/74,,,Willingboro,NJ,USA,
Richard Hidalgo,0.314,0.275,0.235,0.309,0.239,0.221,,,,,,,,,,,,,,,,,,6/28/75,,,Caracas,Distrito Federal,Venezuela,
Rondell White,0.311,0.307,0.24,0.289,0.27,0.313,0.246,,,,,,,,,,,,,,,,,2/23/72,,,Milledgeville,GA,USA,
Chipper Jones,0.311,0.33,0.327,0.305,0.248,0.296,0.324,0.337,0.364,0.264,0.265,0.275,0.287,,,,,,,,,,,4/24/72,,,DeLand,FL,USA,
Jeff Bagwell,0.31,0.288,0.291,0.278,0.266,,,,,,,,,,,,,,,,,,,5/27/68,,,Boston,MA,USA,
Larry Walker,0.309,0.35,0.338,0.284,0.298,0.289,,,,,,,,,,,,,,,,,,12/1/66,,,Maple Ridge,BC,Canada,
Bernie Williams,0.307,0.307,0.333,0.263,0.262,0.249,0.281,,,,,,,,,,,,,,,,,10/8/48,,,Alameda,CA,USA,
Barry Bonds,0.306,0.328,0.37,0.341,0.362,,0.27,0.276,,,,,,,,,,,,,,,,7/24/64,,,Riverside,CA,USA,
Matt Lawton,0.305,0.277,0.236,0.249,0.277,0.254,,,,,,,,,,,,,,,,,,11/30/71,,,Gulfport,MS,USA,
Charles Johnson,0.304,0.259,0.217,0.23,0.236,,,,,,,,,,,,,,,,,,,7/20/71,,,Fort Pierce,FL,USA,
Joe Randa,0.304,0.253,0.282,0.291,0.287,0.276,0.267,,,,,,,,,,,,,,,,,12/18/69,,,Milwaukee,WI,USA,
Phil Nevin,0.303,0.306,0.285,0.279,0.289,0.237,0.239,,,,,,,,,,,,,,,,,1/19/71,,,Fullerton,CA,USA,
Andruw Jones,0.303,0.251,0.264,0.277,0.261,0.263,0.262,0.222,0.158,0.214,0.23,,0.197,,,,,,,,,,,4/23/77,,,Willemstad,SEE BIRTH COUNTRY,Curacao,
Dmitri Young,0.303,0.302,0.284,0.297,0.272,0.271,,0.32,,,,,,,,,,,,,,,,10/11/73,,,Vicksburg,MS,USA,
Geoff Jenkins,0.303,0.264,0.243,0.296,0.264,0.292,0.271,0.255,0.246,,,,,,,,,,,,,,,7/21/74,,,Olympia,WA,USA,
Deivi Cruz,0.302,0.256,0.263,0.25,0.292,0.265,,,,,,,,,,,,,,,,,,11/6/72,,,Bani,Peravia,Dominican Republic,
Gabe Kapler,0.302,0.267,0.279,0.271,0.272,,,,0.301,0.239,,,,,,,,,,,,,,7/31/75,,,Hollywood,CA,USA,
Carlos Lee,0.301,0.269,0.264,0.291,0.305,0.265,0.3,0.303,0.314,0.3,0.246,0.275,0.264,,,,,,,,,,,6/20/76,,,Aguadulce,Cocle,Panama,
Carl Everett,0.3,0.257,0.267,0.287,0.26,0.251,0.227,,,,,,,,,,,,,,,,,6/3/71,,,Tampa,FL,USA,
Cliff Floyd,0.3,0.317,0.288,0.29,0.26,0.273,0.244,0.284,0.268,,,,,,,,,,,,,,,12/5/72,,,Chicago,IL,USA,
Bobby Higginson,0.3,0.277,0.282,0.235,0.246,,,,,,,,,,,,,,,,,,,8/18/70,,,Philadelphia,PA,USA,
Orlando Palmeiro,0.3,0.243,0.3,0.271,,0.284,,,,,,,,,,,,,,,,,,1/19/69,,,Hoboken,NJ,USA,
Corey Koskie,0.3,0.276,0.267,0.292,0.251,0.249,0.261,,,,,,,,,,,,,,,,,6/28/73,,,Anola,MB,Canada,
Scott Rolen,0.298,0.289,0.266,0.286,0.314,,0.296,0.265,0.262,0.305,0.285,0.242,0.245,,,,,,,,,,,4/4/75,,,Evansville,IN,USA,
Mark Kotsay,0.298,0.291,0.292,0.266,0.314,0.28,0.275,0.214,0.276,,0.239,0.27,,,,,,,,,,,,12/2/75,,,Whittier,CA,USA,
Paul Konerko,0.298,0.282,0.304,0.234,0.277,0.283,0.313,0.259,0.24,0.277,0.312,0.3,0.298,0.244,0.207,,,,,,,,,3/5/76,,,Providence,RI,USA,
Eric Young,0.297,0.279,0.28,0.251,0.288,,,,,,,,,,,,,,,,,,,5/18/67,,,New Brunswick,NJ,USA,
Lance Berkman,0.297,0.331,0.292,0.288,0.316,0.293,0.315,0.278,0.312,0.274,0.248,0.301,,0.242,,,,,,,,,,2/10/76,,,Waco,TX,USA,
Jim Edmonds,0.295,0.304,0.311,0.275,0.301,0.263,0.257,0.252,0.235,,0.276,,,,,,,,,,,,,6/27/70,,,Fullerton,CA,USA,
Brad Fullmer,0.295,0.274,0.289,0.306,0.233,,,,,,,,,,,,,,,,,,,1/17/75,,,Chatsworth,CA,USA,
J.D. Drew,0.295,0.323,0.252,0.289,0.305,0.286,0.283,0.27,0.28,0.279,0.255,0.222,,,,,,,,,,,,11/20/75,,,Tallahassee,FL,USA,
Rafael Furcal,0.295,0.275,0.275,0.292,0.279,0.284,0.3,0.27,,0.269,0.3,0.231,0.264,,,,,,,,,,,10/24/77,,,Loma de Cabrera,Dajabon,Dominican Republic,
B.J. Surhoff,0.291,0.271,,0.295,0.309,0.257,,,,,,,,,,,,,,,,,,8/4/64,,,Brox,NY,USA,
Jay Payton,0.291,0.255,0.303,0.302,0.26,0.267,0.296,0.256,0.243,,,,,,,,,,,,,,,11/22/72,,,Zanesville,OH,USA,
Frank Catalanotto,0.291,0.33,0.269,0.299,0.293,0.301,0.3,0.26,0.274,,,,,,,,,,,,,,,4/27/74,,,Smithtown,NY,USA,
Tim Salmon,0.29,0.227,0.286,0.275,,,0.265,,,,,,,,,,,,,,,,,8/24/68,,,Long Beach,CA,USA,
Todd Walker,0.29,0.296,0.299,0.283,0.274,0.305,0.278,,,,,,,,,,,,,,,,,5/25/73,,,Bakersfield,CA,USA,
Adrian Beltre,0.29,0.265,0.257,0.24,0.334,0.255,0.268,0.276,0.266,0.265,0.321,0.296,0.321,0.315,0.324,0.287,0.3,0.312,0.273,,,,,4/7/79,,,Santo Domingo,Distrito Nacional,Dominican Republic,
Juan Encarnacion,0.289,0.242,0.271,0.27,0.236,0.287,0.278,0.283,,,,,,,,,,,,,,,,3/8/76,,,Las Matas de Farfan,San Juan,Dominican Republic,
Rafael Palmeiro,0.288,0.273,0.273,0.26,0.258,0.266,,,,,,,,,,,,,,,,,,9/24/64,,,La Habana,La Habana,Cuba,
Terrence Long,0.288,0.283,0.24,0.245,0.295,0.279,,,,,,,,,,,,,,,,,,2/29/76,,,Montgomery,AL,USA,
Omar Vizquel,0.287,0.255,0.275,0.244,0.291,0.271,0.295,0.246,0.222,,0.276,,,,,,,,,,,,,4/24/67,,,Caracas,Distrito Federal,Venezuela,
Javy Lopez,0.287,0.267,0.233,0.328,0.316,0.278,0.251,,,,,,,,,,,,,,,,,11/5/70,,,Ponce,SEE BIRTH COUNTRY,Puerto Rico,
Jorge Posada,0.287,0.277,0.268,0.281,0.272,0.262,0.277,0.338,,0.285,0.248,0.235,,,,,,,,,,,,8/17/70,,,Santurce,SEE BIRTH COUNTRY,Puerto Rico,
Neifi Perez,0.287,0.279,0.236,0.256,0.255,0.274,0.243,,,,,,,,,,,,,,,,,6/2/73,,,Villa Mella,Santo Domingo,Dominican Republic,
Garret Anderson,0.286,0.289,0.306,0.315,0.301,0.283,0.28,0.297,0.293,0.268,,,,,,,,,,,,,,6/30/72,,,Los Angeles,CA,USA,
John Olerud,0.285,0.302,0.3,0.269,0.259,,,,,,,,,,,,,,,,,,,8/5/68,,,Seattle,WA,USA,
Aaron Boone,0.285,0.294,0.241,0.267,,0.243,0.251,,0.241,,,,,,,,,,,,,,,3/9/73,,,La Mesa,CA,USA,
Jacque Jones,0.285,0.276,0.3,0.304,0.254,0.249,0.285,0.285,,,,,,,,,,,,,,,,4/25/75,,,San Diego,CA,USA,
Jeff Conine,0.284,0.311,0.273,0.282,0.28,0.304,0.268,0.254,,,,,,,,,,,,,,,,6/27/66,,,Tacoma,WA,USA,
J.T. Snow,0.284,0.246,0.246,0.273,0.327,0.275,,,,,,,,,,,,,,,,,,2/26/68,,,Long Beach,CA,USA,
Troy Glaus,0.284,0.25,0.25,0.248,0.251,0.258,0.252,0.262,0.27,,0.24,,,,,,,,,,,,,8/3/76,,,Tarzana,CA,USA,
Ryan Klesko,0.283,0.286,0.3,0.252,0.291,0.248,,0.26,,,,,,,,,,,,,,,,6/12/71,,,Westminster,CA,USA,
Geoff Blum,0.283,0.236,0.283,0.262,0.215,0.229,0.254,0.252,0.24,0.247,0.267,,,,,,,,,,,,,4/26/73,,,Redwood City,CA,USA,
Julio Lugo,0.283,0.263,0.261,0.271,0.275,0.295,0.278,0.237,0.268,0.28,0.249,,,,,,,,,,,,,11/16/75,,,Barahona,Barahona,Dominican Republic,
David Ortiz,0.282,0.234,0.272,0.288,0.301,0.3,0.287,0.332,0.264,0.238,0.27,0.309,0.318,0.309,0.263,0.273,0.315,,,,,,,11/18/75,,,Santo Domingo,Distrito Nacional,Dominican Republic,
Mark Loretta,0.281,0.289,0.304,0.314,0.335,0.28,0.285,0.287,0.28,,,,,,,,,,,,,,,8/14/71,,,Santa Monica,CA,USA,
Derrek Lee,0.281,0.282,0.27,0.271,0.278,0.335,,0.317,0.291,0.306,0.26,0.267,,,,,,,,,,,,9/6/75,,,Sacramento,CA,USA,
Bengie Molina,0.281,0.262,0.245,0.281,0.276,0.295,0.284,0.276,0.292,0.265,0.249,,,,,,,,,,,,,7/20/74,,,Rio Piedras,SEE BIRTH COUNTRY,Puerto Rico,
Steve Finley,0.28,0.275,0.287,0.287,0.271,0.222,0.246,,,,,,,,,,,,,,,,,3/12/65,,,Union City,TN,USA,
Ray Durham,0.28,0.267,0.289,0.285,0.282,0.29,0.293,0.218,0.289,,,,,,,,,,,,,,,11/30/71,,,Charlotte,NC,USA,
Torii Hunter,0.28,0.261,0.289,0.25,0.271,0.269,0.278,0.287,0.278,0.299,0.281,0.262,0.313,0.304,0.286,0.24,,,,,,,,7/18/75,,,Pine Bluff,AR,USA,
Mark Grudzielanek,0.279,0.271,0.271,0.314,0.307,0.294,0.297,0.302,0.299,,,,,,,,,,,,,,,6/30/70,,,Milwaukee,WI,USA,
Kenny Lofton,0.278,0.261,0.261,0.296,0.275,0.335,0.301,0.296,,,,,,,,,,,,,,,,5/31/67,,,East Chicago,IN,USA,
Mike Lieberthal,0.278,,0.279,0.313,0.271,0.263,0.273,,,,,,,,,,,,,,,,,1/18/72,,,Glendale,CA,USA,
Edgar Renteria,0.278,0.26,0.305,0.33,0.287,0.276,0.293,0.332,0.27,0.25,0.276,0.251,,,,,,,,,,,,8/7/76,,,Barranquilla,Atlantico,Colombia,
Mike Lamb,0.278,0.306,0.283,,0.288,0.236,0.307,0.289,0.235,,,,,,,,,,,,,,,8/9/75,,,West Covina,CA,USA,
Eric Chavez,0.277,0.288,0.275,0.282,0.276,0.269,0.241,0.24,,,,,0.281,0.281,,,,,,,,,,12/7/77,,,Los Angeles,CA,USA,
Trot Nixon,0.276,0.28,0.256,0.306,,0.275,0.268,0.251,,,,,,,,,,,,,,,,4/11/74,,,Durham,NC,USA,
Damian Miller,0.275,0.271,0.249,0.233,0.272,0.273,0.251,,,,,,,,,,,,,,,,,10/13/69,,,La Crosse,WI,USA,
Miguel Tejada,0.275,0.267,0.308,0.278,0.311,0.304,0.33,0.296,0.283,0.313,0.269,0.239,,,,,,,,,,,,5/25/74,,,Bani,Peravia,Dominican Republic,
Melvin Mora,0.275,0.25,0.233,0.317,0.34,0.283,0.274,0.274,0.285,0.26,0.285,,,,,,,,,,,,,2/2/72,,,Agua Negra,Yaracuy,Venezuela,
Gregg Zaun,0.274,,,,0.269,0.251,0.272,0.242,0.237,0.26,,,,,,,,,,,,,,4/14/71,,,Glendale,CA,USA,
Tony Clark,0.274,0.287,0.207,0.232,0.221,0.304,,0.249,,,,,,,,,,,,,,,,6/15/72,,,Newton,KS,USA,
Rey Sanchez,0.273,0.281,0.286,0.25,0.246,,,,,,,,,,,,,,,,,,,10/5/67,,,Rio Piedras,SEE BIRTH COUNTRY,Puerto Rico,
Jose Valentin,0.273,0.258,0.249,0.237,0.216,,0.271,,,,,,,,,,,,,,,,,10/12/69,,,Manati,SEE BIRTH COUNTRY,Puerto Rico,
Richie Sexson,0.272,0.271,0.279,0.272,,0.263,0.264,0.205,0.221,,,,,,,,,,,,,,,12/29/74,,,Portland,OR,USA,
Ken Griffey Jr.,0.271,0.286,,,0.253,0.301,0.252,0.277,0.249,0.214,,,,,,,,,,,,,,11/21/69,,,Donora,PA,USA,
Tony Womack,0.271,0.266,0.271,0.226,0.307,0.249,,,,,,,,,,,,,,,,,,9/25/69,,,Danville,VA,USA,
Rich Aurilia,0.271,0.324,0.257,0.277,0.246,0.282,0.3,0.252,0.283,,,,,,,,,,,,,,,9/2/71,,,Brooklyn,NY,USA,
Mike Lowell,0.27,0.283,0.276,0.276,0.293,0.236,0.284,0.324,0.274,0.29,0.239,,,,,,,,,,,,,2/24/74,,,San Juan,SEE BIRTH COUNTRY,Puerto Rico,
Jim Thome,0.269,0.291,0.304,0.266,0.274,,0.288,0.275,0.245,0.249,0.283,0.256,,,,,,,,,,,,8/27/70,,,Peoria,IL,USA,
Shawn Green,0.269,0.297,0.285,0.28,0.266,0.286,0.277,0.291,,,,,,,,,,,,,,,,11/10/72,,,Des Plaines,IL,USA,
Todd Hollandsworth,0.269,,0.284,0.254,,0.244,0.246,,,,,,,,,,,,,,,,,4/20/73,,,Dayton,OH,USA,
Craig Biggio,0.268,0.292,0.253,0.264,0.281,0.264,0.246,0.251,,,,,,,,,,,,,,,,12/14/65,,,Smithtown,NY,USA,
Todd Zeile,0.268,0.266,0.273,0.227,0.233,,,,,,,,,,,,,,,,,,,9/9/65,,,Van Nuys,CA,USA,
Bill Mueller,0.268,0.295,0.262,0.326,0.283,0.295,,,,,,,,,,,,,,,,,,11/9/20,,,Bay City,MI,USA,
Michael Tucker,0.267,0.252,0.248,0.262,0.256,0.239,,,,,,,,,,,,,,,,,,6/25/71,,,South Boston,VA,USA,
Mike Cameron,0.267,0.267,0.239,0.253,0.231,0.273,0.268,0.242,0.243,0.25,,0.203,,,,,,,,,,,,1/8/73,,,La Grange,GA,USA,
Brad Ausmus,0.266,0.232,0.257,0.229,0.248,0.258,0.23,0.235,0.218,,,,,,,,,,,,,,,4/14/69,,,New Haven,CT,USA,
Adam Kennedy,0.266,0.27,0.312,0.269,0.278,0.3,0.273,0.219,0.28,0.289,0.249,0.234,,,,,,,,,,,,1/10/76,,,Riverside,CA,USA,
Scott Hatteberg,0.265,0.245,0.28,0.253,0.284,0.256,0.289,0.31,,,,,,,,,,,,,,,,12/14/69,,,Salem,OR,USA,
Brian Jordan,0.264,0.295,0.285,0.299,0.222,0.247,,,,,,,,,,,,,,,,,,3/29/67,,,Baltimore,MD,USA,
Preston Wilson,0.264,0.274,0.243,0.282,0.248,0.26,0.263,,,,,,,,,,,,,,,,,7/19/74,,,Bamberg,SC,USA,
Tony Batista,0.263,0.238,0.244,0.235,0.241,,,,,,,,,,,,,,,,,,,12/9/73,,,Puerto Plata,Puerto Plata,Dominican Republic,
Ronnie Belliard,0.263,0.264,0.211,0.277,0.282,0.284,0.272,0.29,0.287,0.277,,,,,,,,,,,,,,4/7/75,,,New York,NY,USA,
Miguel Cairo,0.261,,,0.245,0.292,0.251,0.239,,0.249,,,0.265,,,,,,,,,,,,5/4/74,,,Anaco,Anzoategui,Venezuela,
Mike Matheny,0.261,0.218,0.244,0.252,0.247,0.242,,,,,,,,,,,,,,,,,,9/22/70,,,Columbus,OH,USA,
Pat Burrell,0.26,0.258,0.282,0.209,0.257,0.281,0.258,0.256,0.25,0.221,0.252,,,,,,,,,,,,,10/10/76,,,Eureka Springs,AR,USA,
Damion Easley,0.259,0.25,0.224,,0.238,0.24,,,0.269,,,,,,,,,,,,,,,11/11/69,,,New York,NY,USA,
Kevin Millar,0.259,0.314,0.306,0.276,0.297,0.272,0.272,0.254,0.234,0.223,,,,,,,,,,,,,,9/24/71,,,Los Angeles,CA,USA,
Tino Martinez,0.258,0.28,0.262,0.273,0.262,0.241,,,,,,,,,,,,,,,,,,12/7/67,,,Tampa,FL,USA,
Daryle Ward,0.258,0.263,0.276,,0.249,0.26,,,,,,,,,,,,,,,,,,6/27/75,,,Lynwood,CA,USA,
Carlos Guillen,0.257,0.259,0.261,0.276,0.318,0.32,0.32,0.296,0.286,0.242,0.273,,,,,,,,,,,,,9/30/75,,,Maracay,Aragua,Venezuela,
Aramis Ramirez,0.256,0.3,0.234,0.272,0.318,0.302,0.291,0.31,0.289,0.317,0.241,0.306,0.3,0.283,0.285,0.246,,,,,,,,6/25/78,,,Santo Domingo,Distrito Nacional,Dominican Republic,
Jose Guillen,0.253,,0.238,0.311,0.294,0.283,0.216,0.29,0.264,0.242,0.258,,,,,,,,,,,,,5/17/76,,,San Cristobal,San Cristobal,Dominican Republic,
Bret Boone,0.251,0.331,0.278,0.294,0.251,0.221,,,,,,,,,,,,,,,,,,4/6/69,,,El Cajon,CA,USA,
Jason Varitek,0.248,,0.266,0.273,0.296,0.281,0.238,0.255,0.22,0.209,,0.221,,,,,,,,,,,,4/11/72,,,Rochester,MI,USA,
Carlos Beltran,0.247,0.306,0.273,0.307,0.267,0.266,0.275,0.276,0.284,0.325,0.255,0.3,0.269,0.296,0.233,0.276,0.295,0.231,,,,,,4/24/77,,,Manati,SEE BIRTH COUNTRY,Puerto Rico,
Cristian Guzman,0.247,0.302,0.273,0.268,0.274,0.219,,,0.316,0.284,0.266,,,,,,,,,,,,,3/21/78,,,Santo Domingo,Distrito Nacional,Dominican Republic,
David Bell,0.247,0.26,0.261,0.195,0.291,0.248,0.27,,,,,,,,,,,,,,,,,9/14/72,,,Cincinnati,OH,USA,
Mark McLemore,0.245,0.286,0.27,0.233,0.248,,,,,,,,,,,,,,,,,,,10/4/64,,,San Diego,CA,USA,
Marquis Grissom,0.244,0.221,0.277,0.3,0.279,,,,,,,,,,,,,,,,,,,4/17/67,,,Atlanta,GA,USA,
Jose Hernandez,0.244,0.249,0.288,0.225,0.289,0.231,,,,,,,,,,,,,,,,,,7/14/69,,,Rio Piedras,SEE BIRTH COUNTRY,Puerto Rico,
Royce Clayton,0.242,0.263,0.251,0.228,0.279,0.27,0.258,,,,,,,,,,,,,,,,,1/2/70,,,Burbank,CA,USA,
Scott Spiezio,0.242,0.271,0.285,0.265,0.215,,0.272,0.269,,,,,,,,,,,,,,,,9/21/72,,,Joliet,IL,USA,
Jose Cruz Jr.,0.242,0.274,0.245,0.25,0.242,0.251,0.233,0.234,,,,,,,,,,,,,,,,4/19/74,,,Puerto Rico,SEE BIRTH COUNTRY,Puerto Rico,
Juan Castro,0.241,0.223,,0.253,0.244,0.257,0.251,,,,,,,,,,,,,,,,,6/20/72,,,Los Mochis,Sinaloa,Mexico,
Ramon Hernandez,0.241,0.254,0.233,0.273,0.276,0.29,0.275,0.258,0.257,0.258,0.297,0.282,,,,,,,,,,,,8/31/40,,,Carolina,SEE BIRTH COUNTRY,Puerto Rico,
Alex Cora,0.238,0.217,0.291,0.249,0.264,0.232,0.238,0.246,,0.251,,,,,,,,,,,,,,10/18/75,,,Caguas,SEE BIRTH COUNTRY,Puerto Rico,
Orlando Cabrera,0.237,0.276,0.263,0.297,0.264,0.257,0.282,0.301,0.281,0.284,0.263,0.238,,,,,,,,,,,,11/2/74,,,Cartagena,Bolivar,Colombia,
Ricky Ledee,0.236,0.231,0.227,0.247,,0.278,,,,,,,,,,,,,,,,,,11/22/73,,,Ponce,SEE BIRTH COUNTRY,Puerto Rico,
Henry Blanco,0.236,0.21,0.204,,0.206,,0.266,,,0.235,,,,,,,,,,,,,,8/29/71,,,Caracas,Distrito Federal,Venezuela,
Dan Wilson,0.235,0.265,0.295,0.241,0.251,,,,,,,,,,,,,,,,,,,3/25/69,,,Arlington Heights,IL,USA,
John Mabry,0.235,,0.276,,0.296,0.24,0.205,,,,,,,,,,,,,,,,,10/17/70,,,Wilmington,DE,USA,
Travis Lee,0.235,0.258,0.265,0.275,,0.272,0.224,,,,,,,,,,,,,,,,,5/26/75,,,San Diego,CA,USA,
Reggie Sanders,0.232,0.263,0.25,0.285,0.26,0.271,0.246,,,,,,,,,,,,,,,,,9/9/49,,,Birmingham,AL,USA,
Jeromy Burnitz,0.232,0.251,0.215,0.239,0.283,0.258,0.23,,,,,,,,,,,,,,,,,4/15/69,,,Westminster,CA,USA,
Matt Stairs,0.227,0.25,0.244,0.292,0.267,0.275,0.247,0.289,0.252,,,,,,,,,,,,,,,2/27/68,,,St. John,NB,Canada,
Vinny Castilla,0.221,0.26,0.232,0.277,0.271,0.253,0.229,,,,,,,,,,,,,,,,,7/4/67,,,Oaxaca,Oaxaca,Mexico,
Desi Relaford,0.215,0.302,0.267,0.254,0.221,0.224,,,,,,,,,,,,,,,,,,9/16/73,,,Valdosta,GA,USA,
Michael Barrett,0.214,0.25,0.263,0.208,0.287,0.276,0.307,0.244,,,,,,,,,,,,,,,,10/22/76,,,Atlanta,GA,USA,
Ichiro Suzuki,,0.35,0.321,0.312,0.372,0.303,0.322,0.351,0.31,0.352,0.315,0.272,0.283,0.262,0.284,0.229,0.291,,,,,,,10/22/73,,,Nichi Kasugai-gun,Aichi,Japan,
Juan Pierre,,0.327,0.287,0.305,0.326,0.276,0.292,0.293,0.283,0.308,0.275,0.279,0.307,0.247,,,,,,,,,,8/14/77,,,Mobile,AL,USA,
Paul Lo Duca,,0.32,0.281,0.273,0.286,0.283,0.318,0.272,,,,,,,,,,,,,,,,4/12/72,,,Brooklyn,NY,USA,
Doug Mientkiewicz,,0.306,0.261,0.3,0.238,0.24,0.283,,0.277,,,,,,,,,,,,,,,6/19/74,,,Toledo,OH,USA,
Juan Uribe,,0.3,0.24,0.253,0.283,0.252,0.235,0.234,0.247,0.289,0.248,0.204,,0.278,0.311,0.253,0.206,,,,,,,3/22/79,,,Palenque,SEE BIRTH COUNTRY,Dominican Republic,
Marlon Anderson,,0.293,0.258,0.27,0.237,0.264,0.297,,,,,,,,,,,,,,,,,1/6/74,,,Montgomery,AL,USA,
A.J. Pierzynski,,0.289,0.3,0.312,0.272,0.257,0.295,0.263,0.281,0.3,0.27,0.287,0.278,0.272,0.251,0.3,0.219,,,,,,,12/30/76,,,Bridgehampton,NY,USA,
David Eckstein,,0.285,0.293,0.252,0.276,0.294,0.292,0.309,0.265,0.26,0.267,,,,,,,,,,,,,1/20/75,,,Sanford,FL,USA,
Raul Ibanez,,0.28,0.294,0.294,0.304,0.28,0.289,0.291,0.293,0.272,0.275,0.245,0.24,0.242,0.167,,,,,,,,,6/2/72,,,New York,NY,USA,
Dave Dellucci,,0.276,0.245,0.227,0.242,0.251,0.292,,0.238,,,,,,,,,,,,,,,10/31/73,,,Baton Rouge,LA,USA,
Craig Counsell,,0.275,0.282,0.234,0.241,0.256,0.255,0.22,0.226,0.285,0.25,,,,,,,,,,,,,8/21/70,,,South Bend,IN,USA,
Jimmy Rollins,,0.274,0.245,0.263,0.289,0.29,0.277,0.296,0.277,0.25,0.243,0.268,0.25,0.252,0.243,0.224,,,,,,,,11/27/78,,,Oakland,CA,USA,
Randy Winn,,0.273,0.298,0.295,0.286,0.306,0.262,0.3,0.306,0.262,0.239,,,,,,,,,,,,,6/9/74,,,Los Angeles,CA,USA,
Robert Fick,,0.272,0.27,0.269,0.199,0.265,,,,,,,,,,,,,,,,,,3/15/74,,,Torrance,CA,USA,
Alfonso Soriano,,0.268,0.3,0.29,0.28,0.268,0.277,0.299,0.28,0.241,0.258,0.244,0.262,0.255,0.221,,,,,,,,,1/7/76,,,San Pedro de Macoris,San Pedro de Macoris,Dominican Republic,
Luis Rivas,,0.266,0.256,0.259,0.256,,,,0.218,,,,,,,,,,,,,,,8/30/79,,,La Guaira,Vargas,Venezuela,
Rob Mackowiak,,0.266,0.244,,0.246,0.272,0.29,0.263,,,,,,,,,,,,,,,,6/20/76,,,Oak Lawn,IL,USA,
Shea Hillenbrand,,0.263,0.293,0.28,0.31,0.291,0.277,0.251,,,,,,,,,,,,,,,,7/27/75,,,Mesa,AZ,USA,
Abraham Nunez,,0.262,0.233,0.248,0.214,0.285,0.211,0.234,,,,,,,,,,,,,,,,3/16/76,,,Santo Domingo,Distrito Nacional,Dominican Republic,
Marcus Giles,,0.262,0.23,0.316,0.311,0.291,0.262,0.229,,,,,,,,,,,,,,,,5/18/78,,,San Diego,CA,USA,
Adam Dunn,,0.262,0.249,0.215,0.266,0.247,0.234,0.264,0.236,0.267,0.26,0.159,0.204,0.219,0.219,,,,,,,,,11/9/79,,,Houston,TX,USA,
Chris Gomez,,0.259,0.265,,0.282,0.279,,0.297,,,,,,,,,,,,,,,,6/16/71,,,Los Angeles,CA,USA,
Brian Roberts,,0.253,,0.27,0.273,0.314,0.286,0.29,0.296,0.283,0.278,,,0.249,0.237,,,,,,,,,10/9/77,,,Durham,NC,USA,
Michael Young,,0.249,0.262,0.306,0.313,0.331,0.314,0.315,0.284,0.322,0.284,0.338,0.277,0.279,,,,,,,,,,10/19/76,,,Covina,CA,USA,
Aubrey Huff,,0.248,0.313,0.311,0.297,0.261,0.267,0.28,0.304,0.241,0.29,0.246,,,,,,,,,,,,12/20/76,,,Marion,OH,USA,
Jason LaRue,,0.236,0.249,0.23,0.251,0.26,,,,,,,,,,,,,,,,,,3/19/74,,,Houston,TX,USA,
Jay Gibbons,,0.236,0.247,0.277,0.246,0.277,0.277,0.23,,,,,,,,,,,,,,,,3/2/77,,,Rochester,MI,USA,
Jerry Hairston Jr.,,0.233,0.268,0.271,0.303,0.261,,,0.326,0.251,0.244,0.27,0.273,0.211,,,,,,,,,,5/29/76,,,Des Moines,OH,USA,
Russell Branyan,,0.232,0.228,,,0.257,0.228,,,0.251,0.237,,,,,,,,,,,,,12/19/75,,,Warner Robins,GA,USA,
Johnny Estrada,,0.228,,,0.314,0.261,0.302,0.278,,,,,,,,,,,,,,,,6/27/76,,,Hayward,CA,USA,
Gary Matthews Jr.,,0.227,0.275,0.248,0.275,0.255,0.313,0.252,0.242,0.25,,,,,,,,,,,,,,8/25/74,,,San Francisco,CA,USA,
Pedro Feliz,,0.227,,0.247,0.276,0.25,0.244,0.253,0.249,0.266,0.218,,,,,,,,,,,,,4/27/75,,,Azua,Azua,Dominican Republic,
Milton Bradley,,0.223,0.249,0.321,0.267,0.29,0.276,0.306,0.321,0.257,0.205,,,,,,,,,,,,,4/15/78,,,Harbor City,CA,USA,
Jack Wilson,,0.223,0.252,0.256,0.308,0.257,0.273,0.296,0.272,0.255,,0.243,,,,,,,,,,,,4/12/12,,,Portland,OR,USA,
Wes Helms,,0.222,0.243,0.261,0.263,,0.329,0.246,0.243,0.271,0.22,,,,,,,,,,,,,5/12/76,,,Gastonia,NC,USA,
Austin Kearns,,,0.315,0.264,0.23,0.24,0.264,0.266,0.217,,0.263,,,,,,,,,,,,,5/20/80,,,Lexington,KY,USA,
Mark DeRosa,,,0.297,0.263,0.239,,0.296,0.293,0.285,0.25,,,,0.235,,,,,,,,,,2/26/75,,,Passaic,NJ,USA,
Bobby Kielty,,,0.291,0.244,0.214,0.263,0.27,,,,,,,,,,,,,,,,,8/5/76,,,Fontana,CA,USA,
Eric Hinske,,,0.279,0.243,0.246,0.262,0.271,,0.247,,0.256,0.233,,,,,,,,,,,,8/5/77,,,Menasha,WI,USA,
Dave Roberts,,,0.277,0.25,0.254,0.275,0.293,0.26,,,,,,,,,,,,,,,,6/30/33,,,Panama,Panama,Panama,
Vernon Wells,,,0.275,0.317,0.272,0.269,0.303,0.245,0.3,0.26,0.273,0.218,0.23,0.233,,,,,,,,,,12/8/78,,,Shreveport,LA,USA,
Brian Schneider,,,0.275,0.23,0.257,0.268,0.256,0.235,0.257,,,,,,,,,,,,,,,11/26/76,,,Jacksonville,FL,USA,
Ramon Vazquez,,,0.274,0.261,,,,0.23,0.29,0.23,,,,,,,,,,,,,,8/21/76,,,Aibonito,SEE BIRTH COUNTRY,Puerto Rico,
Mark Ellis,,,0.272,0.248,,0.316,0.249,0.276,0.233,0.263,0.291,0.248,0.258,0.27,,,,,,,,,,6/6/77,,,Rapid City,SD,USA,
Brad Wilkerson,,,0.266,0.268,0.255,0.248,0.222,0.234,0.22,,,,,,,,,,,,,,,6/1/77,,,Owensboro,KY,USA,
Tony Graffanino,,,0.262,0.26,0.263,0.309,0.274,0.238,,,,,,,,,,,,,,,,6/6/72,,,Amityville,NY,USA,
Kevin Mench,,,0.26,,0.279,0.264,0.269,0.267,,,,,,,,,,,,,,,,1/7/78,,,Wilmington,DE,USA,
Carl Crawford,,,0.259,0.281,0.296,0.301,0.305,0.315,0.273,0.305,0.307,0.255,,0.283,0.3,,,,,,,,,8/5/81,,,Houston,TX,USA,
Mark Bellhorn,,,0.258,0.221,0.264,0.21,0.19,,,,,,,,,,,,,,,,,8/23/74,,,South Weymouth,MA,USA,
Toby Hall,,,0.258,0.253,0.255,0.287,0.259,,,,,,,,,,,,,,,,,10/21/75,,,Tacoma,WA,USA,
Aaron Rowand,,,0.258,,0.31,0.27,0.262,0.309,0.271,0.261,0.23,0.233,,,,,,,,,,,,8/29/77,,,Portland,OR,USA,
Corey Patterson,,,0.253,0.298,0.266,0.215,0.276,0.269,0.205,,0.269,0.239,,,,,,,,,,,,8/13/79,,,Atlanta,GA,USA,
John McDonald,,,0.25,0.215,,,0.223,0.251,,,,0.229,,,,,,,,,,,,1883-01-27,,,Throop,PA,USA,
Nick Johnson,,,0.243,0.284,0.251,0.289,0.29,,,0.291,,,,,,,,,,,,,,9/19/78,,,Sacramento,CA,USA,
Ramon Santiago,,,0.243,0.225,,,,,,0.267,0.263,0.26,0.206,0.224,,,,,,,,,,8/31/79,,,Las Matas de Farfan,San Juan,Dominican Republic,
Carlos Pena,,,0.242,0.248,0.241,0.235,,0.282,0.247,0.227,0.196,0.225,0.197,0.207,,,,,,,,,,5/17/78,,,Santo Domingo,Distrito Nacional,Dominican Republic,
Cesar Izturis,,,0.232,0.251,0.288,0.257,,0.258,0.263,0.256,0.23,,,,,,,,,,,,,2/10/80,,,Barquisimeto,Lara,Venezuela,
Felipe Lopez,,,0.227,,0.242,0.291,0.274,0.245,0.283,0.31,0.233,,,,,,,,,,,,,5/12/80,,,Bayamon,SEE BIRTH COUNTRY,Puerto Rico,
Brandon Inge,,,0.202,0.203,0.287,0.261,0.253,0.236,0.205,0.23,0.247,0.197,0.218,,,,,,,,,,,5/19/77,,,Lynchburg,VA,USA,
Scott Podsednik,,,,0.314,0.244,0.29,0.261,0.243,,0.304,0.297,,,,,,,,,,,,,3/18/76,,,West,TX,USA,
Jose Reyes,,,,0.307,0.255,0.273,0.3,0.28,0.297,,0.282,0.337,0.287,0.296,0.287,0.274,0.267,0.246,0.189,,,,,6/11/83,,,Santiago,Santiago,Dominican Republic,
Marlon Byrd,,,,0.303,0.228,0.266,,0.307,0.298,0.283,0.293,0.276,,0.291,0.264,0.247,,,,,,,,8/30/77,,,Boynton Beach,FL,USA,
Hank Blalock,,,,0.3,0.276,0.263,0.266,0.293,0.287,0.234,,,,,,,,,,,,,,11/21/80,,,San Diego,CA,USA,
Chone Figgins,,,,0.296,0.296,0.29,0.267,0.33,0.276,0.298,0.259,0.188,,,,,,,,,,,,1/22/78,,,Leary,GA,USA,
Reed Johnson,,,,0.294,0.27,0.269,0.319,0.236,0.303,,0.262,0.309,0.29,,,,,,,,,,,12/8/76,,,Riverside,CA,USA,
Morgan Ensberg,,,,0.291,0.275,0.283,0.235,0.23,,,,,,,,,,,,,,,,8/26/75,,,Redondo Beach,CA,USA,
Angel Berroa,,,,0.287,0.262,0.27,0.234,,0.23,,,,,,,,,,,,,,,1/27/78,,,Santo Domingo,Distrito Nacional,Dominican Republic,
Hideki Matsui,,,,0.287,0.298,0.305,,0.285,0.294,0.274,0.274,0.251,,,,,,,,,,,,6/12/74,,,Nomi,Ishikawa,Japan,
Lyle Overbay,,,,0.276,0.301,0.276,0.312,0.24,0.27,0.265,0.243,0.234,,0.24,0.233,,,,,,,,,1/28/77,,,Centralia,WA,USA,
Orlando Hudson,,,,0.268,0.27,0.271,0.287,0.294,0.305,0.283,0.268,0.246,0.204,,,,,,,,,,,12/12/77,,,Darlington,SC,USA,
Xavier Nady,,,,0.267,,0.261,0.28,0.278,0.305,,0.256,0.248,,,,,,,,,,,,11/14/78,,,Salinas,CA,USA,
Coco Crisp,,,,0.266,0.297,0.3,0.264,0.268,0.283,,0.279,0.264,0.259,0.261,0.246,,0.231,,,,,,,11/1/79,,,Los Angeles,CA,USA,
Eric Byrnes,,,,0.263,0.283,0.226,0.267,0.286,0.209,0.226,,,,,,,,,,,,,,2/16/76,,,Redwood City,CA,USA,
Joe Crede,,,,0.261,0.239,0.252,0.283,,0.248,0.225,,,,,,,,,,,,,,4/26/78,,,Jefferson City,MO,USA,
Jamey Carroll,,,,0.26,0.289,0.251,0.3,0.225,0.277,0.276,0.291,0.29,0.268,0.211,,,,,,,,,,2/18/74,,,Evansville,IN,USA,
Mark Teixeira,,,,0.259,0.281,0.301,0.282,0.306,0.308,0.292,0.256,0.248,0.251,,0.216,0.255,0.204,,,,,,,4/11/80,,,Annapolis,MD,USA,
Casey Blake,,,,0.257,0.271,0.241,0.282,0.27,0.274,0.28,0.248,0.252,,,,,,,,,,,,8/23/73,,,Des Moines,IA,USA,
Adam Everett,,,,0.256,0.273,0.248,0.239,0.232,,0.238,,,,,,,,,,,,,,2/2/77,,,Austell,GA,USA,
Ty Wigginton,,,,0.255,0.261,,0.275,0.278,0.285,0.273,0.248,0.242,0.235,,,,,,,,,,,10/11/77,,,San Diego,CA,USA,
Travis Hafner,,,,0.254,0.311,0.305,0.308,0.266,,0.272,0.278,0.28,0.228,0.202,,,,,,,,,,6/3/77,,,Jamestown,ND,USA,
Endy Chavez,,,,0.251,0.277,,0.306,,0.267,,,0.301,,0.267,0.276,,,,,,,,,2/7/78,,,Valencia,Carabobo,Venezuela,
Ben Broussard,,,,0.249,0.275,0.255,0.289,0.275,,,,,,,,,,,,,,,,9/24/76,,,Beaumont,TX,USA,
Craig Monroe,,,,0.24,0.293,0.277,0.255,0.219,,,,,,,,,,,,,,,,2/27/77,,,Texarkana,TX,USA,
Miguel Olivo,,,,0.237,0.233,0.217,0.263,0.237,0.255,0.249,0.269,0.224,0.222,,,,,,,,,,,7/15/78,,,Villa Vasquez,Monte Cristi,Dominican Republic,
Jhonny Peralta,,,,0.227,,0.292,0.257,0.27,0.276,0.254,0.249,0.299,0.239,0.303,0.263,0.275,0.26,,,,,,,5/28/82,,,Santiago,Santiago,Dominican Republic,
Omar Infante,,,,0.222,0.264,0.222,0.277,,0.293,0.305,0.321,0.276,0.274,0.318,0.252,0.22,,,,,,,,12/26/81,,,Puerto La Cruz,Anzoategui,Venezuela,
Rod Barajas,,,,0.218,0.249,0.254,0.256,,0.249,0.226,0.24,0.23,0.206,,,,,,,,,,,9/5/75,,,Ontario,CA,USA,
Brandon Phillips,,,,0.208,,,0.276,0.288,0.261,0.276,0.275,0.3,0.281,0.261,0.266,0.294,0.291,0.285,,,,,,6/28/81,,,Raleigh,NC,USA,
Juan Rivera,,,,,0.307,0.271,0.31,,0.246,0.287,0.252,0.258,0.244,,,,,,,,,,,7/3/78,,,Guarenas,Miranda,Venezuela,
Aaron Miles,,,,,0.293,0.281,0.263,0.29,0.317,,,0.275,,,,,,,,,,,,12/15/76,,,Pittsburg,CA,USA,
David Wright,,,,,0.293,0.306,0.311,0.325,0.302,0.307,0.283,0.254,0.306,0.307,0.269,,,,,,,,,12/20/82,,,Norfolk,VA,USA,
Matt Holliday,,,,,0.29,0.307,0.326,0.34,0.321,0.313,0.312,0.296,0.295,0.3,0.272,0.279,0.246,0.231,,,,,,1/15/80,,,Stillwater,OK,USA,
David DeJesus,,,,,0.287,0.293,0.295,0.26,0.307,0.281,0.318,0.24,0.263,0.251,0.248,0.233,,,,,,,,12/20/79,,,Brooklyn,NY,USA,
Alex Rios,,,,,0.286,0.262,0.302,0.297,0.291,0.247,0.284,0.227,0.304,0.278,0.28,0.255,,,,,,,,2/18/81,,,Coffee,AL,USA,
Chad Tracy,,,,,0.285,0.308,0.281,0.264,0.267,0.237,,,,,,,,,,,,,,5/22/80,,,Charlotte,NC,USA,
Victor Martinez,,,,,0.283,0.305,0.316,0.301,0.278,0.303,0.302,0.33,,0.301,0.335,0.245,0.289,0.255,0.251,,,,,12/23/78,,,Ciudad Bolivar,Bolivar,Venezuela,
Jason Bay,,,,,0.282,0.306,0.286,0.247,0.286,0.267,0.259,0.245,,0.204,,,,,,,,,,9/20/78,,,Trail,BC,Canada,
Adam LaRoche,,,,,0.278,0.259,0.285,0.272,0.27,0.277,0.261,,0.271,0.237,0.259,0.207,,,,,,,,11/6/79,,,Orange County,CA,USA,
Jason Michaels,,,,,0.274,0.304,0.267,0.27,0.224,,,,,,,,,,,,,,,5/4/76,,,Tampa,FL,USA,
Marco Scutaro,,,,,0.273,0.247,0.266,0.26,0.267,0.282,0.275,0.299,0.306,0.297,,,,,,,,,,10/30/75,,,San Felipe,Yaracuy,Venezuela,
Khalil Greene,,,,,0.273,0.25,0.245,0.254,0.213,,,,,,,,,,,,,,,10/21/79,,,Butler,PA,USA,
Kazuo Matsui,,,,,0.272,0.255,0.267,0.288,0.293,0.25,,,,,,,,,,,,,,10/23/75,,,Higashi-Osaka,Osaka,Japan,
Justin Morneau,,,,,0.271,0.239,0.321,0.271,0.3,0.274,0.345,0.227,0.267,0.259,0.319,,0.261,,,,,,,5/15/81,,,New Westminster,BC,Canada,
Chase Utley,,,,,0.266,0.291,0.309,0.332,0.292,0.282,0.275,0.259,0.256,0.284,0.27,0.212,0.252,0.236,,,,,,12/17/78,,,Pasadena,CA,USA,
Michael Cuddyer,,,,,0.263,0.263,0.284,0.276,0.249,0.276,0.271,0.284,0.26,0.331,,0.259,,,,,,,,3/27/79,,,Norfolk,VA,USA,
Jayson Werth,,,,,0.262,0.234,,0.298,0.273,0.268,0.296,0.232,0.3,0.318,0.292,0.221,0.244,0.226,,,,,,5/20/79,,,Springfield,IL,USA,
Willie Harris,,,,,0.262,,,0.27,0.251,0.235,0.183,0.246,,,,,,,,,,,,6/22/78,,,Cairo,GA,USA,
Jose Molina,,,,,0.261,,0.24,,0.216,,,,0.223,0.233,0.178,,,,,,,,,6/3/75,,,Bayamon,SEE BIRTH COUNTRY,USA,
Kevin Youkilis,,,,,0.26,,0.279,0.288,0.312,0.305,0.307,0.258,0.235,,,,,,,,,,,3/15/79,,,Cincinnati,OH,USA,
Jose Castillo,,,,,0.256,0.268,0.253,0.244,0.246,,,,,,,,,,,,,,,3/19/81,,,Las Mercedes,Guarico,Venezuela,
Scott Hairston,,,,,0.248,,,0.243,0.248,0.265,0.21,,0.263,,,,,,,,,,,5/25/80,,,Fort Worth,TX,USA,
Bobby Crosby,,,,,0.239,0.276,0.229,0.226,0.237,0.223,,,,,,,,,,,,,,1/12/80,,,Lakewood,CA,USA,
Bill Hall,,,,,0.238,0.291,0.27,0.254,0.225,0.201,0.247,,,,,,,,,,,,,1894-02-22,,,Charleston,WV,USA,
John Buck,,,,,0.235,0.242,0.245,0.222,0.224,,0.281,0.227,0.192,0.222,,,,,,,,,,7/7/80,,,Kemmerer,WY,USA,
Jose Lopez,,,,,0.232,,0.282,0.252,0.297,0.272,0.239,0.216,0.246,,,,,,,,,,,11/24/83,,,Barcelona,Anzoategui,Venezuela,
Wilson Betemit,,,,,,0.305,0.263,0.229,,,0.297,0.285,0.261,,,,,,,,,,,11/2/81,,,Santo Domingo,Distrito Nacional,Dominican Republic,
Jeff Francoeur,,,,,,0.3,0.26,0.293,0.239,0.28,0.249,0.285,0.235,0.204,,0.258,0.254,,,,,,,1/8/84,,,Atlanta,GA,USA,
Robinson Cano,,,,,,0.297,0.342,0.306,0.271,0.32,0.319,0.302,0.313,0.314,0.314,0.287,0.298,0.28,0.303,0.256,,,,10/22/82,,,San Pedro de Macoris,San Pedro de Macoris,Dominican Republic,
Joe Mauer,,,,,,0.294,0.347,0.293,0.328,0.365,0.327,0.287,0.319,0.324,0.277,0.265,0.261,0.305,0.282,,,,,4/19/83,,,St. Paul,MN,USA,
Freddy Sanchez,,,,,,0.291,0.344,0.304,0.271,0.293,0.292,0.289,,,,,,,,,,,,12/21/77,,,Hollywood,CA,USA,
Willy Taveras,,,,,,0.291,0.278,0.32,0.251,0.24,,,,,,,,,,,,,,12/25/81,,,Tenares,Hermanas Mirabal,Dominican Republic,
Clint Barmes,,,,,,0.289,0.22,,0.29,0.245,0.235,0.244,0.229,0.211,,0.232,,,,,,,,3/6/79,,,Vincennes,IN,USA,
Grady Sizemore,,,,,,0.289,0.29,0.277,0.268,0.248,,0.224,,,0.233,0.253,,,,,,,,8/2/82,,,Seattle,WA,USA,
Ryan Howard,,,,,,0.288,0.313,0.268,0.251,0.279,0.276,0.253,0.219,0.266,0.223,0.229,0.196,,,,,,,11/19/79,,,St. Louis,MO,USA,
Garrett Atkins,,,,,,0.287,0.329,0.301,0.286,0.226,,,,,,,,,,,,,,12/12/79,,,Orange,CA,USA,
Ryan Church,,,,,,0.287,,0.272,0.276,0.273,0.201,,,,,,,,,,,,,10/14/78,,,Santa Barbara,CA,USA,
Jorge Cantu,,,,,,0.286,0.249,,0.277,0.289,0.256,,,,,,,,,,,,,1/30/82,,,McAllen,TX,USA,
Jonny Gomes,,,,,,0.282,0.216,0.244,,0.267,0.266,0.209,0.262,0.247,0.234,0.213,,,,,,,,11/22/80,,,Petaluma,CA,USA,
Michael Morse,,,,,,0.278,,,,,0.289,0.303,0.291,0.215,0.279,0.231,,,,,,,,3/22/82,,,Fort Lauderdale,FL,USA,
Aaron Hill,,,,,,0.274,0.291,0.291,0.263,0.286,0.205,0.246,0.302,0.291,0.244,0.23,0.262,,,,,,,3/21/82,,,Visalia,CA,USA,
Brad Hawpe,,,,,,0.262,0.293,0.291,0.283,0.285,0.245,,,,,,,,,,,,,6/22/79,,,Fort Worth,TX,USA,
Willie Bloomquist,,,,,,0.257,0.247,,,0.265,,0.266,0.302,,,,,,,,,,,11/27/77,,,Bremerton,WA,USA,
Yuniesky Betancourt,,,,,,0.256,0.289,0.289,0.279,0.245,0.259,0.252,0.228,0.212,,,,,,,,,,1/31/82,,,Santa Clara,Villa Clara,Cuba,
Ryan Doumit,,,,,,0.255,,0.274,0.318,0.25,0.251,0.303,0.275,0.247,,,,,,,,,,4/3/81,,,Moses Lake,WA,USA,
J.J. Hardy,,,,,,0.247,,0.277,0.283,0.229,0.268,0.269,0.238,0.263,0.268,0.219,0.269,0.217,,,,,,8/19/82,,,Tucson,AZ,USA,
Mark Teahen,,,,,,0.246,0.29,0.285,0.255,0.271,0.258,,,,,,,,,,,,,9/6/81,,,Redlands,CA,USA,
Jason Bartlett,,,,,,0.241,0.309,0.265,0.286,0.32,0.254,0.245,,,,,,,,,,,,10/30/79,,,Mountain View,CA,USA,
Kelly Johnson,,,,,,0.241,,0.276,0.287,0.224,0.284,0.222,0.225,0.235,0.215,0.265,0.247,,,,,,,2/22/82,,,Austin,TX,USA,
Nick Punto,,,,,,0.239,0.29,0.21,0.284,0.228,0.238,,,0.255,,,,,,,,,,11/8/77,,,San Diego,CA,USA,
Rickie Weeks,,,,,,0.239,0.279,0.235,0.234,,0.269,0.269,0.23,0.209,0.274,,,,,,,,,9/13/82,,,Altamonte Springs,FL,USA,
Nick Swisher,,,,,,0.236,0.254,0.262,0.219,0.249,0.288,0.26,0.272,0.246,0.208,0.196,,,,,,,,11/25/80,,,Columbus,OH,USA,
Yorvit Torrealba,,,,,,0.234,0.247,0.255,0.246,0.291,0.271,0.273,,,,,,,,,,,,7/19/78,,,Caracas,Distrito Federal,Venezuela,
Edwin Encarnacion,,,,,,0.232,0.276,0.289,0.251,0.225,0.244,0.272,0.28,0.272,0.268,0.277,0.263,0.258,0.246,0.244,,,,1/7/83,,,La Romana,La Romana,Dominican Republic,
Chris Snyder,,,,,,0.202,,0.252,0.237,,0.207,,0.176,,,,,,,,,,,2/12/81,,,Houston,TX,USA,
Luke Scott,,,,,,,0.336,0.255,0.257,0.258,0.284,0.22,0.229,0.241,,,,,,,,,,6/25/78,,,De Leon Springs,FL,USA,
Brian McCann,,,,,,,0.333,0.27,0.301,0.281,0.269,0.27,0.23,0.256,0.232,0.232,0.242,0.241,,0.249,,,,2/20/84,,,Athens,GA,USA,
Matt Diaz,,,,,,,0.327,0.338,,0.313,0.25,0.263,,,,,,,,,,,,3/3/78,,,Portland,OR,USA,
Stephen Drew,,,,,,,0.316,0.238,0.291,0.261,0.278,0.252,0.223,0.253,0.162,0.201,,,,,,,,3/16/83,,,Hahira,GA,USA,
Ronny Paulino,,,,,,,0.31,0.263,,0.272,0.259,0.268,,,,,,,,,,,,4/21/81,,,Santo Domingo,Distrito Nacional,Dominican Republic,
Andre Ethier,,,,,,,0.308,0.284,0.305,0.272,0.292,0.292,0.284,0.272,0.249,0.294,,,,,,,,4/10/82,,,Phoenix,AZ,USA,
Adrian Gonzalez,,,,,,,0.304,0.282,0.279,0.277,0.298,0.338,0.299,0.293,0.276,0.275,0.285,0.242,,,,,,5/8/82,,,San Diego,CA,USA,
Gerald Laird,,,,,,,0.296,0.224,0.276,0.225,0.207,,,,,,,,,,,,,11/13/79,,,Garden Grove,CA,USA,
Maicer Izturis,,,,,,,0.293,0.289,0.269,0.3,0.25,0.276,0.256,0.236,,,,,,,,,,9/12/80,,,Barquisimeto,Lara,Venezuela,
Hanley Ramirez,,,,,,,0.292,0.332,0.301,0.342,0.3,0.243,0.257,0.345,0.283,0.249,0.286,0.242,,,,,,12/23/83,,,Samana,Samana,Dominican Republic,
Conor Jackson,,,,,,,0.291,0.284,0.3,,0.236,0.244,,,,,,,,,,,,5/7/82,,,Austin,TX,USA,
Shane Victorino,,,,,,,0.287,0.281,0.293,0.292,0.259,0.279,0.255,0.294,,,,,,,,,,11/30/80,,,Wailuku,HI,USA,
Ian Kinsler,,,,,,,0.286,0.263,0.319,0.253,0.286,0.255,0.256,0.277,0.275,0.296,0.288,0.236,0.24,0.217,,,,6/22/82,,,Tucson,AZ,USA,
Corey Hart,,,,,,,0.283,0.295,0.268,0.26,0.283,0.285,0.27,,0.203,,,,,,,,,3/24/82,,,Bowling Green,KY,USA,
Russell Martin,,,,,,,0.282,0.293,0.28,0.25,0.248,0.237,0.211,0.226,0.29,0.24,0.231,0.221,0.194,0.22,,,,2/15/83,,,East York,ON,Canada,
Dan Uggla,,,,,,,0.282,0.245,0.26,0.243,0.287,0.233,0.22,0.179,,,,,,,,,,3/11/80,,,Louisville,KY,USA,
Melky Cabrera,,,,,,,0.28,0.273,0.249,0.274,0.255,0.305,0.346,0.279,0.301,0.273,0.296,0.285,0.28,0.28,,,,8/11/84,,,Santo Domingo,Distrito Nacional,Dominican Republic,
Josh Willingham,,,,,,,0.277,0.265,0.254,0.26,0.268,0.246,0.26,0.208,0.215,,,,,,,,,2/17/79,,,Florence,AL,USA,
Prince Fielder,,,,,,,0.271,0.288,0.276,0.299,0.261,0.299,0.313,0.279,,0.305,0.212,,,,,,,5/9/84,,,Ontario,CA,USA,
Curtis Granderson,,,,,,,0.26,0.302,0.28,0.249,0.247,0.262,0.232,0.229,0.227,0.259,0.237,0.212,0.242,0.183,,,,3/16/81,,,Blue Island,IL,USA,
Marcus Thames,,,,,,,0.256,0.242,0.241,0.252,0.288,,,,,,,,,,,,,3/6/77,,,Louisville,MS,USA,
Dioner Navarro,,,,,,,0.254,0.227,0.295,0.218,,,,0.3,0.274,,0.207,,,,,,,2/9/84,,,Caracas,Distrito Federal,Venezuela,
Jeremy Hermida,,,,,,,0.251,0.296,0.249,0.259,0.216,,,,,,,,,,,,,1/30/84,,,Atlanta,GA,USA,
Ronny Cedeno,,,,,,,0.245,,0.269,0.208,0.256,0.249,,0.242,,,,,,,,,,2/2/83,,,Puerto Cabello,Carabobo,Venezuela,
Jason Kubel,,,,,,,0.241,0.273,0.272,0.3,0.249,0.273,0.253,0.216,,,,,,,,,,5/25/82,,,Belle Fourche,SD,USA,
Jose Bautista,,,,,,,0.235,0.254,0.238,0.235,0.26,0.302,0.241,0.259,0.286,0.25,0.234,0.203,0.203,,,,,7/25/64,,,Bani,Peravia,Dominican Republic,
Nate McLouth,,,,,,,0.233,0.258,0.276,0.256,0.19,0.228,0.241,0.258,,,,,,,,,,10/28/81,,,Muskegon,MI,USA,
Mike Napoli,,,,,,,0.228,0.247,0.273,0.272,0.238,0.32,0.227,0.259,0.248,0.224,0.239,0.193,,,,,,10/31/81,,,Hollywood,FL,USA,
Cody Ross,,,,,,,0.227,,0.26,0.27,0.269,0.24,0.267,0.278,0.252,,,,,,,,,12/23/80,,,Portales,NM,USA,
Jeff Keppinger,,,,,,,,0.332,0.266,0.256,0.288,0.277,0.325,0.253,,,,,,,,,,4/21/80,,,Miami,FL,USA,
James Loney,,,,,,,,0.331,0.289,0.281,0.267,0.288,0.249,0.299,0.29,0.28,0.265,,,,,,,5/7/84,,,Houston,TX,USA,
Yunel Escobar,,,,,,,,0.326,0.288,0.299,0.256,0.29,0.253,0.256,0.258,0.314,0.304,0.274,,,,,,11/2/82,,,La Habana,La Habana,Cuba,
Hunter Pence,,,,,,,,0.322,0.269,0.282,0.282,0.314,0.253,0.283,0.277,0.275,0.289,0.26,0.226,0.297,,,,4/13/83,,,Fort Worth,TX,USA,
B.J. Upton,,,,,,,,0.3,0.273,0.241,0.237,0.243,0.246,0.184,0.208,0.259,0.238,,,,,,,8/21/84,,,Norfolk,VA,USA,
Casey Kotchman,,,,,,,,0.296,0.272,0.268,0.217,0.306,0.229,,,,,,,,,,,2/22/83,,,St. Petersburg,FL,USA,
Josh Hamilton,,,,,,,,0.292,0.304,0.268,0.359,0.298,0.285,0.25,0.263,,,,,,,,,5/21/81,,,Raleigh,NC,USA,
Billy Butler,,,,,,,,0.292,0.275,0.301,0.318,0.291,0.313,0.289,0.271,0.251,0.284,,,,,,,4/18/86,,,Orange Park,FL,USA,
Troy Tulowitzki,,,,,,,,0.291,0.263,0.297,0.315,0.302,,0.312,0.34,0.28,0.254,0.249,,,,,,10/10/84,,,Santa Clara,CA,USA,
Delmon Young,,,,,,,,0.288,0.29,0.284,0.298,0.268,0.267,0.26,0.302,,,,,,,,,9/14/85,,,Birmingham,AL,USA,
Mark Reynolds,,,,,,,,0.279,0.239,0.26,0.198,0.221,0.221,0.22,0.196,0.23,0.282,0.267,0.248,,,,,8/3/83,,,Pikeville,KY,USA,
Mike Fontenot,,,,,,,,0.278,0.305,0.236,0.283,0.227,,,,,,,,,,,,6/9/80,,,Slidell,LA,USA,
Kevin Kouzmanoff,,,,,,,,0.275,0.26,0.255,0.247,0.235,,,,,,,,,,,,7/25/81,,,Newport Beach,CA,USA,
Greg Dobbs,,,,,,,,0.272,0.301,,,0.275,0.285,0.228,,,,,,,,,,7/2/78,,,Los Angeles,CA,USA,
Ryan Ludwick,,,,,,,,0.267,0.299,0.265,0.251,0.237,0.275,,0.244,,,,,,,,,7/13/78,,,Satellite Beach,FL,USA,
Franklin Gutierrez,,,,,,,,0.266,0.248,0.283,0.245,0.224,,,,,0.246,,,,,,,2/21/83,,,Caracas,Distrito Federal,Venezuela,
Ryan Theriot,,,,,,,,0.266,0.307,0.284,0.27,0.271,0.27,,,,,,,,,,,12/7/79,,,Baton Rouge,LA,USA,
Jarrod Saltalamacchia,,,,,,,,0.266,,0.233,,0.235,0.222,0.273,0.22,,0.171,,,,,,,5/2/85,,,West Palm Beach,FL,USA,
Carlos Ruiz,,,,,,,,0.259,0.219,0.255,0.302,0.283,0.325,0.268,0.252,0.211,0.264,,,,,,,1/22/79,,,David,Chiriqui,Panama,
Jack Cust,,,,,,,,0.256,0.231,0.24,0.272,0.213,,,,,,,,,,,,1/16/79,,,Flemington,NJ,USA,
Adam Lind,,,,,,,,0.238,0.282,0.305,0.237,0.251,0.255,0.288,0.321,0.277,0.239,0.303,,,,,,7/17/83,,,Muncie,IN,USA,
Chris Young,,,,,,,,0.237,0.248,0.212,0.257,0.236,0.231,0.2,0.222,0.252,0.276,0.235,,,,,,5/25/79,,,Dallas,TX,USA,
Miguel Montero,,,,,,,,0.224,,0.294,0.266,0.282,0.286,0.23,0.243,0.248,0.216,,,,,,,7/9/83,,,Caracas,Distrito Federal,Venezuela,
Carlos Quentin,,,,,,,,0.214,0.288,0.236,0.243,0.254,0.261,0.275,,,,,,,,,,8/28/82,,,Bellflower,CA,USA,
Mike Aviles,,,,,,,,,0.325,,0.304,0.255,0.25,0.252,0.247,0.231,,,,,,,,3/13/81,,,New York,NY,USA,
Martin Prado,,,,,,,,,0.32,0.307,0.307,0.26,0.301,0.282,0.282,0.288,0.305,,,0.233,,,,10/27/83,,,Maracay,Aragua,Venezuela,
Alberto Callaspo,,,,,,,,,0.305,0.3,0.265,0.288,0.252,0.258,0.223,0.235,,,,,,,,4/19/83,,,Maracay,Aragua,Venezuela,
Skip Schumaker,,,,,,,,,0.302,0.303,0.265,0.283,0.276,0.263,0.235,0.242,,,,,,,,2/3/80,,,Torrance,CA,USA,
Denard Span,,,,,,,,,0.294,0.311,0.264,0.264,0.283,0.279,0.302,0.301,0.266,0.272,0.261,,,,,2/27/84,,,Tampa,FL,USA,
Alexei Ramirez,,,,,,,,,0.29,0.277,0.282,0.269,0.265,0.284,0.273,0.249,0.241,,,,,,,9/22/81,,,Pinar del Rio,SEE BIRTH COUNTRY,Cuba,
Ryan Sweeney,,,,,,,,,0.286,0.293,0.294,0.265,0.26,,0.251,,,,,,,,,2/20/85,,,Cedar Rapids,IA,USA,
Geovany Soto,,,,,,,,,0.285,0.218,0.28,0.228,0.198,,,,,,,,,,,1/20/83,,,San Juan,SEE BIRTH COUNTRY,Puerto Rico,
Jacoby Ellsbury,,,,,,,,,0.28,0.301,,0.321,0.271,0.298,0.271,0.257,0.263,0.264,,,,,,9/11/83,,,Madras,OR,USA,
Erick Aybar,,,,,,,,,0.277,0.312,0.253,0.279,0.29,0.271,0.278,0.27,0.243,0.234,,,,,,1/14/84,,,Bani,Peravia,Dominican Republic,
David Murphy,,,,,,,,,0.275,0.269,0.291,0.275,0.304,0.22,0.262,0.283,,,,,,,,10/18/81,,,Houston,TX,USA,
Adam Jones,,,,,,,,,0.27,0.277,0.284,0.28,0.287,0.285,0.281,0.269,0.265,0.285,0.281,0.26,,,,8/1/85,,,San Diego,CA,USA,
Chase Headley,,,,,,,,,0.269,0.262,0.264,0.289,0.286,0.25,0.243,0.259,0.251,0.273,,,,,,5/9/84,,,Fountain,CO,USA,
Jeff Baker,,,,,,,,,0.268,0.288,0.272,0.269,,,0.264,,,,,,,,,6/21/81,,,Bad Kissingen,Bavaria,Germany,
Chris Iannetta,,,,,,,,,0.264,0.228,,0.238,0.24,0.225,0.252,0.188,0.21,0.254,0.224,,,,,4/8/83,,,Providence,RI,USA,
Asdrubal Cabrera,,,,,,,,,0.259,0.308,0.276,0.273,0.27,0.242,0.241,0.265,0.28,0.28,0.262,0.26,,,,11/13/85,,,Puerto La Cruz,Anzoategui,Venezuela,
Carlos Gomez,,,,,,,,,0.258,0.229,0.247,0.225,0.26,0.284,0.284,0.255,0.231,0.255,0.208,,,,,12/4/85,,,Santiago,Santiago,Dominican Republic,
Gregor Blanco,,,,,,,,,0.251,,0.283,,0.244,0.265,0.26,0.291,0.224,0.246,,,,,,12/24/83,,,Caracas,Distrito Federal,Venezuela,
Brandon Moss,,,,,,,,,0.246,0.236,,,0.291,0.256,0.234,0.226,0.225,0.207,,,,,,9/16/83,,,Monroe,GA,USA,
Rajai Davis,,,,,,,,,0.243,0.305,0.284,0.238,0.257,0.26,0.282,0.258,0.249,0.235,,,,,,10/19/80,,,Norwich,CT,USA,
Carlos Gonzalez,,,,,,,,,0.242,0.284,0.336,0.295,0.303,0.302,0.238,0.271,0.298,0.262,0.276,,,,,10/17/85,,,Maracaibo,Zulia,Venezuela,
Michael Bourn,,,,,,,,,0.229,0.285,0.265,0.294,0.274,0.263,0.257,0.238,0.264,,,,,,,12/27/82,,,Houston,TX,USA,
Chris Coghlan,,,,,,,,,,0.321,0.268,0.23,,,0.283,0.25,0.188,,,,,,,6/18/85,,,Rockville,MD,USA,
Kendrys Morales,,,,,,,,,,0.306,,,0.273,0.277,0.218,0.29,0.263,0.25,0.249,,,,,6/20/83,,,Fomento,Sancti Spiritus,Cuba,
Angel Pagan,,,,,,,,,,0.306,0.29,0.262,0.288,0.282,0.3,0.262,0.277,,,,,,,7/2/81,,,Rio Piedras,SEE BIRTH COUNTRY,Puerto Rico,
Casey McGehee,,,,,,,,,,0.301,0.285,0.223,0.217,,0.287,0.198,,,,,,,,10/12/82,,,Santa Cruz,CA,USA,
Ben Zobrist,,,,,,,,,,0.297,0.238,0.269,0.27,0.275,0.272,0.276,0.272,0.232,0.305,,,,,5/26/81,,,Eureka,IL,USA,
Garrett Jones,,,,,,,,,,0.293,0.247,0.243,0.274,0.233,0.246,,,,,,,,,6/21/81,,,Harvey,IL,USA,
Seth Smith,,,,,,,,,,0.293,0.246,0.284,0.24,0.253,0.266,0.248,0.249,0.258,,,,,,9/30/82,,,Jackson,MS,USA,
Brendan Ryan,,,,,,,,,,0.292,0.223,0.248,0.194,0.197,,,,,,,,,,3/26/82,,,Los Angeles,CA,USA,
Ryan Raburn,,,,,,,,,,0.291,0.28,0.256,0.171,0.272,,,0.22,,,,,,,4/17/81,,,Tampa,FL,USA,
Gerardo Parra,,,,,,,,,,0.29,0.261,0.292,0.273,0.268,0.261,0.291,0.253,0.309,0.284,0.234,,,,5/6/87,,,Santa Barbara,Zulia,Venezuela,
Cliff Pennington,,,,,,,,,,0.279,0.25,0.264,0.215,0.242,,0.21,,,,,,,,6/15/84,,,Corpus Christi,TX,USA,
Gordon Beckham,,,,,,,,,,0.27,0.252,0.23,0.234,0.267,0.226,0.209,0.212,,,0.215,,,,9/16/86,,,Atlanta,GA,USA,
Nate Schierholtz,,,,,,,,,,0.267,0.242,0.278,0.257,0.251,0.195,,,,,,,,,2/15/84,,,Reno,NV,USA,
Ryan Hanigan,,,,,,,,,,0.263,0.3,0.267,0.274,0.198,0.218,,,,,,,,,8/16/80,,,Washington,DC,USA,
Will Venable,,,,,,,,,,0.256,0.245,0.246,0.264,0.268,0.224,0.244,,,,,,,,10/29/82,,,Greenbrae,CA,USA,
Everth Cabrera,,,,,,,,,,0.255,0.208,,0.246,0.283,0.232,,,,,,,,,11/17/86,,,Nandaime,Granada,Nicaragua,
Emilio Bonifacio,,,,,,,,,,0.252,,0.296,0.258,0.243,0.259,,,,,,,,,4/23/85,,,Santo Domingo,Distrito Nacional,Dominican Republic,
Colby Rasmus,,,,,,,,,,0.251,0.276,0.225,0.223,0.276,0.225,0.238,0.206,,,,,,,8/11/86,,,Columbus,GA,USA,
Luis Valbuena,,,,,,,,,,0.25,0.193,,0.219,0.218,0.249,0.224,0.26,0.199,0.199,,,,,11/30/85,,,Caja Seca,Zulia,Venezuela,
Travis Snider,,,,,,,,,,0.241,0.255,,,0.215,0.264,0.232,,,,,,,,2/2/88,,,Kirkland,WA,USA,
Nick Hundley,,,,,,,,,,0.238,0.249,0.288,0.157,0.233,0.243,0.301,0.26,0.244,0.241,,,,,9/8/83,,,Corvallis,OR,USA,
Danny Valencia,,,,,,,,,,,0.311,0.246,,,0.258,0.29,0.287,0.256,0.263,,,,,9/19/84,,,Miami,FL,USA,
Chris Johnson,,,,,,,,,,,0.308,0.251,0.281,0.321,0.263,0.255,0.222,,,,,,,10/1/84,,,Naples,FL,USA,
Neil Walker,,,,,,,,,,,0.296,0.273,0.28,0.251,0.271,0.269,0.282,0.265,0.219,0.261,,,,9/10/85,,,Pittsburgh,PA,USA,
David Freese,,,,,,,,,,,0.296,0.297,0.293,0.262,0.26,0.257,0.27,0.263,0.296,,,,,4/28/83,,,Corpus Christi,TX,USA,
Austin Jackson,,,,,,,,,,,0.293,0.249,0.3,0.272,0.256,0.267,,0.318,0.245,,,,,2/1/87,,,Denton,TX,USA,
Logan Morrison,,,,,,,,,,,0.283,0.247,0.23,0.242,0.262,0.225,0.238,0.246,0.186,,,,,8/25/87,,,Kansas City,MO,USA,
Gaby Sanchez,,,,,,,,,,,0.273,0.266,0.217,0.254,0.229,,,,,,,,,9/2/83,,,Miami,FL,USA,
Chris Denorfia,,,,,,,,,,,0.271,0.277,0.293,0.279,0.23,0.269,,,,,,,,7/15/80,,,Bristol,CT,USA,
Ike Davis,,,,,,,,,,,0.264,,0.227,0.205,0.233,0.229,,,,,,,,1895-06-14,,,Pueblo,CO,USA,
John Jaso,,,,,,,,,,,0.263,0.224,0.276,0.271,0.264,,0.268,0.211,,,,,,9/19/83,,,Chula Vista,CA,USA,
Pedro Alvarez,,,,,,,,,,,0.256,0.191,0.244,0.233,0.231,0.243,0.249,,,,,,,2/6/87,,,Santo Domingo,Distrito Nacional,Dominican Republic,
Drew Stubbs,,,,,,,,,,,0.255,0.243,0.213,0.233,0.289,,,,,,,,,10/4/84,,,Atlanta,TX,USA,
Chris Heisey,,,,,,,,,,,0.254,0.254,0.265,0.237,0.222,,,,,,,,,12/14/84,,,Mount Joy,PA,USA,
Sean Rodriguez,,,,,,,,,,,0.251,0.223,0.213,,0.211,0.246,0.27,,,,,,,4/26/85,,,Miami,FL,USA,
Alcides Escobar,,,,,,,,,,,0.235,0.254,0.293,0.234,0.285,0.257,0.261,0.25,0.231,,,,,12/16/86,,,La Sabana,Vargas,Venezuela,
Justin Smoak,,,,,,,,,,,0.218,0.234,0.217,0.238,0.202,0.226,0.217,0.27,0.242,0.208,,,,12/5/86,,,Goose Creek,SC,USA,
Ruben Tejada,,,,,,,,,,,0.213,0.284,0.289,0.202,0.237,0.261,,,,,,,,10/27/89,,,Santiago,Veraguas,Panama,
Michael Saunders,,,,,,,,,,,0.211,,0.247,0.236,0.273,,0.253,0.202,,,,,,11/19/86,,,Victoria,BC,Canada,
Lucas Duda,,,,,,,,,,,,0.292,0.239,0.223,0.253,0.244,,0.217,0.241,,,,,2/3/86,,,Los Angeles,CA,USA,
Jose Altuve,,,,,,,,,,,,0.276,0.29,0.283,0.341,0.313,0.338,0.346,0.316,0.298,,,,5/6/90,,,Puerto Cabello,Carabobo,Venezuela,
Dustin Ackley,,,,,,,,,,,,0.273,0.226,0.253,0.245,0.231,,,,,,,,2/26/88,,,Winston-Salem,NC,USA,
Ben Revere,,,,,,,,,,,,0.267,0.294,0.305,0.306,0.306,0.217,0.275,,,,,,5/3/88,,,Atlanta,GA,USA,
Eduardo Nunez,,,,,,,,,,,,0.265,,0.26,0.25,,0.288,0.313,0.265,,,,,6/15/87,,,Santo Domingo,Distrito Nacional,Dominican Republic,
Lonnie Chisenhall,,,,,,,,,,,,0.255,,0.225,0.28,0.246,0.286,0.288,,,,,,10/4/88,,,Morehead City,NC,USA,
Mark Trumbo,,,,,,,,,,,,0.254,0.268,0.234,0.235,0.262,0.256,0.234,0.261,,,,,1/16/86,,,Anaheim,CA,USA,
Brayan Pena,,,,,,,,,,,,0.248,0.236,0.297,0.253,0.273,,,,,,,,1/7/82,,,La Habana,La Habana,Cuba,
Trevor Plouffe,,,,,,,,,,,,0.238,0.235,0.254,0.258,0.244,0.26,0.198,,,,,,6/15/86,,,West Hills,CA,USA,
Danny Espinosa,,,,,,,,,,,,0.236,0.247,,0.219,0.24,0.209,0.173,,,,,,4/25/87,,,Santa Ana,CA,USA,
Yoenis Cespedes,,,,,,,,,,,,,0.292,0.24,0.26,0.291,0.28,0.292,,,,,,10/18/85,,,Campechuela,SEE BIRTH COUNTRY,Cuba,
Norichika Aoki,,,,,,,,,,,,,0.288,0.286,0.285,0.287,0.283,0.277,,,,,,1/5/82,,,Hyuga,SEE BIRTH COUNTRY,Japan,
Alejandro De Aza,,,,,,,,,,,,,0.281,0.264,0.252,0.262,0.205,,,,,,,4/11/84,,,Guaymate,La Romana,Dominican Republic,
Brett Lawrie,,,,,,,,,,,,,0.273,0.254,0.247,0.26,0.248,,,,,,,1/18/90,,,Langley,BC,Canada,
Martin Maldonado,,,,,,,,,,,,,0.266,,,0.21,0.202,0.221,0.225,0.213,,,,8/16/86,,,Naguabo,SEE BIRTH COUNTRY,Puerto Rico,
Zack Cozart,,,,,,,,,,,,,0.246,0.254,0.221,,0.252,0.297,0.219,,,,,8/12/85,,,Memphis,TN,USA,
Chris Carter,,,,,,,,,,,,,0.239,0.223,0.227,0.199,0.222,,,,,,,9/16/82,,,Fremont,CA,USA,
Brian Dozier,,,,,,,,,,,,,0.234,0.244,0.242,0.236,0.268,0.271,0.215,0.238,,,,5/15/87,,,Tupelo,MS,USA,
Derek Norris,,,,,,,,,,,,,0.201,0.246,0.27,0.25,0.186,,,,,,,2/14/89,,,Goddard,KS,USA,
Scooter Gennett,,,,,,,,,,,,,,0.324,0.289,0.264,0.263,0.295,0.31,,,,,5/1/90,,,Cincinnati,OH,USA,
Yasiel Puig,,,,,,,,,,,,,,0.319,0.296,0.255,0.263,0.263,0.267,0.267,,,,12/7/90,,,Cienfuegos,Cienfuegos,Cuba,
Jose Iglesias,,,,,,,,,,,,,,0.303,,0.3,0.255,0.255,0.269,0.288,,,,1/5/90,,,La Habana,SEE BIRTH COUNTRY,Cuba,
Matt Adams,,,,,,,,,,,,,,0.284,0.288,,0.249,0.274,0.239,0.226,,,,8/31/88,,,Philipsburg,PA,USA,
Avisail Garcia,,,,,,,,,,,,,,0.283,,0.257,0.245,0.33,0.236,0.282,,,,6/12/91,,,Anaco,Anzoategui,Venezuela,
A.J. Pollock,,,,,,,,,,,,,,0.269,0.302,0.315,,0.266,0.257,0.266,,,,12/5/87,,,Hebron,CT,USA,
Leonys Martin,,,,,,,,,,,,,,0.26,0.274,0.219,0.247,,0.255,0.199,,,,3/6/88,,,Vill Clara,SEE BIRTH COUNTRY,USA,
Evan Gattis,,,,,,,,,,,,,,0.243,0.263,0.246,0.251,0.263,0.226,,,,,8/18/86,,,Dallas,TX,USA,
Juan Lagares,,,,,,,,,,,,,,0.242,0.281,0.259,,0.25,,0.213,,,,3/17/89,,,Constanza,La Vega,Dominican Republic,
Jose Abreu,,,,,,,,,,,,,,,0.317,0.29,0.293,0.304,0.265,0.284,,,,1/29/87,,,Cienfuegos,SEE BIRTH COUNTRY,Cuba,
Steve Pearce,,,,,,,,,,,,,,,0.293,0.218,0.288,0.252,0.284,,,,,4/13/83,,,Lakeland,FL,USA,
Jose Ramirez,,,,,,,,,,,,,,,0.262,0.219,0.312,0.318,0.27,0.255,,,,9/17/92,,,Bani,Peravia,Dominican Republic,
Yangervis Solarte,,,,,,,,,,,,,,,0.26,0.27,0.286,0.255,0.226,,,,,7/3/87,,,Valencia,Carabobo,Venezuela,
Eugenio Suarez,,,,,,,,,,,,,,,0.242,0.28,0.248,0.26,0.283,0.271,,,,7/18/91,,,Puerto Ordaz,Bolivar,Venezuela,
Javier Baez,,,,,,,,,,,,,,,0.169,,0.273,0.273,0.29,0.281,,,,12/1/92,,,Bayamon,SEE BIRTH COUNTRY,Puerto Rico,
Enrique Hernandez,,,,,,,,,,,,,,,,0.307,0.19,0.215,0.256,0.237,,,,8/24/91,,,San Juan,SEE BIRTH COUNTRY,Puerto Rico,
Cesar Hernandez,,,,,,,,,,,,,,,,0.272,0.294,0.294,0.253,0.279,,,,9/28/66,,,Yamasa,Monte Plata,Dominican Republic,
Miguel Sano,,,,,,,,,,,,,,,,0.269,0.236,0.264,0.199,0.247,,,,5/11/93,,,San Pedro de Macoris,San Pedro de Macoris,Dominican Republic,
Hernan Perez,,,,,,,,,,,,,,,,0.243,0.272,0.259,0.253,0.228,,,,3/26/91,,,Villa de Cura,Aragua,Venezuela,
Addison Russell,,,,,,,,,,,,,,,,0.242,0.238,0.239,0.25,0.237,,,,1/23/94,,,Pensacola,FL,USA,