PLAYER,YRS00,BA00,YRS01,BA01,YRS12,BA12,YRS13,BA13,YRS14,BA14,YRS15,BA15,YRS16,BA16,YRS17,BA17,YRS18,BA18,YRS19,BA19
Nomar Garciaparra,14,0.372,,,,,,,,,,,,,,,,,,
Todd Helton,17,0.372,17,0.336,17,0.238,17,0.249,,,,,,,,,,,,
Moises Alou,17,0.355,17,0.331,,,,,,,,,,,,,,,,
Darin Erstad,14,0.355,14,0.258,,,,,,,,,,,,,,,,
Manny Ramirez,19,0.351,19,0.306,,,,,,,,,,,,,,,,
Iván Rodríguez,21,0.347,21,0.308,,,,,,,,,,,,,,,,
Vladimir Guerrero,16,0.345,16,0.307,,,,,,,,,,,,,,,,
Ellis Burks,18,0.344,18,0.28,,,,,,,,,,,,,,,,
Carlos Delgado,17,0.344,17,0.279,,,,,,,,,,,,,,,,
Derek Jeter,20,0.339,20,0.311,20,0.316,,,20,0.256,,,,,,,,,,
Jeffrey Hammonds,13,0.335,,,,,,,,,,,,,,,,,,
David Segui,15,0.334,15,0.301,,,,,,,,,,,,,,,,
Jeff Kent,17,0.334,17,0.298,,,,,,,,,,,,,,,,
Chris Stynes,10,0.334,10,0.28,,,,,,,,,,,,,,,,
Luis Castillo,15,0.334,15,0.263,,,,,,,,,,,,,,,,
Jason Giambi,20,0.333,20,0.342,,,,,,,,,,,,,,,,
Mike Sweeney,16,0.333,16,0.304,,,,,,,,,,,,,,,,
Jose Vidro,12,0.33,12,0.319,,,,,,,,,,,,,,,,
Frank Thomas,19,0.328,,,,,,,,,,,,,,,,,,
Johnny Damon,18,0.327,18,0.256,18,0.222,,,,,,,,,,,,,,
Jeff Cirillo,14,0.326,14,0.313,,,,,,,,,,,,,,,,
Gary Sheffield,22,0.325,22,0.311,,,,,,,,,,,,,,,,
Edgar Martinez,18,0.324,18,0.306,,,,,,,,,,,,,,,,
Mike Piazza,16,0.324,16,0.3,,,,,,,,,,,,,,,,
Edgardo Alfonzo,12,0.324,12,0.243,,,,,,,,,,,,,,,,
Travis Fryman,13,0.321,13,0.263,,,,,,,,,,,,,,,,
Jermaine Dye,14,0.321,14,0.282,,,,,,,,,,,,,,,,
Sammy Sosa,18,0.32,18,0.328,,,,,,,,,,,,,,,,
Darrin Fletcher,14,0.32,14,0.226,,,,,,,,,,,,,,,,
Jason Kendall,15,0.32,15,0.266,,,,,,,,,,,,,,,,
Will Clark,15,0.319,,,,,,,,,,,,,,,,,,
Shannon Stewart,14,0.319,14,0.316,,,,,,,,,,,,,,,,
Alex Rodriguez,22,0.316,22,0.318,22,0.272,,,,,22,0.25,22,0.2,,,,,,
Alex Ochoa,8,0.316,8,0.276,,,,,,,,,,,,,,,,
Bobby Abreu,18,0.316,18,0.289,18,0.242,,,,,,,,,,,,,,
Placido Polanco,16,0.316,16,0.307,16,0.257,16,0.26,,,,,,,,,,,,
Brian Giles,15,0.315,15,0.309,,,,,,,,,,,,,,,,
Adrian Brown,9,0.315,,,,,,,,,,,,,,,,,,
Magglio Ordonez,15,0.315,15,0.305,,,,,,,,,,,,,,,,
Sean Casey,12,0.315,12,0.31,,,,,,,,,,,,,,,,
Richard Hidalgo,9,0.314,9,0.275,,,,,,,,,,,,,,,,
Barry Larkin,19,0.313,,,,,,,,,,,,,,,,,,
Greg Colbrunn,13,0.313,,,,,,,,,,,,,,,,,,
Olmedo Saenz,9,0.313,9,0.22,,,,,,,,,,,,,,,,
Luis Gonzalez,19,0.311,19,0.325,,,,,,,,,,,,,,,,
Rondell White,15,0.311,15,0.307,,,,,,,,,,,,,,,,
Chipper Jones,19,0.311,19,0.33,19,0.287,,,,,,,,,,,,,,
Roberto Alomar,17,0.31,17,0.336,,,,,,,,,,,,,,,,
Jeff Bagwell,15,0.31,15,0.288,,,,,,,,,,,,,,,,
Larry Walker,18,0.309,18,0.35,,,,,,,,,,,,,,,,
Quilvio Veras,7,0.309,7,0.252,,,,,,,,,,,,,,,,
Bernie Williams,16,0.307,16,0.307,,,,,,,,,,,,,,,,
Jeff Frye,8,0.307,,,,,,,,,,,,,,,,,,
Barry Bonds,22,0.306,22,0.328,,,,,,,,,,,,,,,,
Matt Lawton,12,0.305,12,0.277,,,,,,,,,,,,,,,,
Mark McGwire,16,0.305,16,0.187,,,,,,,,,,,,,,,,
Charles Johnson,12,0.304,12,0.259,,,,,,,,,,,,,,,,
Joe Randa,12,0.304,12,0.253,,,,,,,,,,,,,,,,
Eric Davis,17,0.303,,,,,,,,,,,,,,,,,,
Ken Caminiti,15,0.303,15,0.228,,,,,,,,,,,,,,,,
Phil Nevin,12,0.303,12,0.306,,,,,,,,,,,,,,,,
Andruw Jones,17,0.303,17,0.251,17,0.197,,,,,,,,,,,,,,
Dmitri Young,14,0.303,14,0.302,,,,,,,,,,,,,,,,
Geoff Jenkins,11,0.303,11,0.264,,,,,,,,,,,,,,,,
Andres Galarraga,19,0.302,19,0.256,,,,,,,,,,,,,,,,
Herbert Perry,9,0.302,9,0.256,,,,,,,,,,,,,,,,
Deivi Cruz,9,0.302,9,0.256,,,,,,,,,,,,,,,,
Gabe Kapler,12,0.302,12,0.267,,,,,,,,,,,,,,,,
Bill Spiers,13,0.301,,,,,,,,,,,,,,,,,,
Brent Mayne,15,0.301,15,0.285,,,,,,,,,,,,,,,,
Brook Fordyce,10,0.301,10,0.209,,,,,,,,,,,,,,,,
Carlos Lee,14,0.301,14,0.269,14,0.264,,,,,,,,,,,,,,
Fernando Vina,12,0.3,12,0.303,,,,,,,,,,,,,,,,
Carl Everett,14,0.3,14,0.257,,,,,,,,,,,,,,,,
Cliff Floyd,17,0.3,17,0.317,,,,,,,,,,,,,,,,
Bobby Higginson,11,0.3,11,0.277,,,,,,,,,,,,,,,,
Orlando Palmeiro,13,0.3,13,0.243,,,,,,,,,,,,,,,,
Mitch Meluskey,5,0.3,,,,,,,,,,,,,,,,,,
Corey Koskie,9,0.3,9,0.276,,,,,,,,,,,,,,,,
John Vander Wal,14,0.299,14,0.27,,,,,,,,,,,,,,,,
Denny Hocking,13,0.298,13,0.251,,,,,,,,,,,,,,,,
Scott Rolen,17,0.298,17,0.289,17,0.245,,,,,,,,,,,,,,
Mark Kotsay,17,0.298,17,0.291,,,,,,,,,,,,,,,,
Paul Konerko,18,0.298,18,0.282,18,0.298,18,0.244,18,0.207,,,,,,,,,,
Eric Young,15,0.297,15,0.279,,,,,,,,,,,,,,,,
Rusty Greer,9,0.297,9,0.273,,,,,,,,,,,,,,,,
Lance Berkman,15,0.297,15,0.331,,,15,0.242,,,,,,,,,,,,
Delino DeShields,13,0.296,13,0.234,,,,,,,5,0.261,,,5,0.269,5,0.216,5,0.249
Craig Grebeck,12,0.295,,,,,,,,,,,,,,,,,,
Jim Edmonds,17,0.295,17,0.304,,,,,,,,,,,,,,,,
Brad Fullmer,8,0.295,8,0.274,,,,,,,,,,,,,,,,
J.D. Drew,14,0.295,14,0.323,,,,,,,,,,,,,,,,
Rafael Furcal,14,0.295,14,0.275,14,0.264,,,,,,,,,,,,,,
Dante Bichette,14,0.294,14,0.286,,,,,,,,,,,,,,,,
Luis Alicea,13,0.294,13,0.274,,,,,,,,,,,,,,,,
Mark Quinn,4,0.294,4,0.269,,,,,,,,,,,,,,,,
Glenallen Hill,13,0.293,,,,,,,,,,,,,,,,,,
Eric Owens,9,0.293,9,0.253,,,,,,,,,,,,,,,,
Enrique Wilson,9,0.293,9,0.211,,,,,,,,,,,,,,,,
B.J. Surhoff,19,0.291,19,0.271,,,,,,,,,,,,,,,,
Jay Payton,12,0.291,12,0.255,,,,,,,,,,,,,,,,
Frank Catalanotto,14,0.291,14,0.33,,,,,,,,,,,,,,,,
Ruben Mateo,6,0.291,,,,,,,,,,,,,,,,,,
Tim Salmon,14,0.29,14,0.227,,,,,,,,,,,,,,,,
Todd Walker,12,0.29,12,0.296,,,,,,,,,,,,,,,,
Adrian Beltre,21,0.29,21,0.265,21,0.321,21,0.315,21,0.324,21,0.287,21,0.3,21,0.312,21,0.273,,
Juan Gonzalez,17,0.289,17,0.325,,,,,,,,,,,,,,,,
Juan Encarnacion,11,0.289,11,0.242,,,,,,,,,,,,,,,,
Benny Agbayani,5,0.289,5,0.277,,,,,,,,,,,,,,,,
Sandy Alomar Jr.,20,0.289,20,0.245,,,,,,,,,,,,,,,,
Rafael Palmeiro,20,0.288,20,0.273,,,,,,,,,,,,,,,,
Terrence Long,8,0.288,8,0.283,,,,,,,,,,,,,,,,
Omar Vizquel,24,0.287,24,0.255,,,,,,,,,,,,,,,,
Javy Lopez,15,0.287,15,0.267,,,,,,,,,,,,,,,,
Jorge Posada,17,0.287,17,0.277,,,,,,,,,,,,,,,,
Neifi Perez,12,0.287,12,0.279,,,,,,,,,,,,,,,,
David Justice,14,0.286,14,0.241,,,,,,,,,,,,,,,,
Luis Sojo,13,0.286,,,,,,,,,,,,,,,,,,
Garret Anderson,17,0.286,17,0.289,,,,,,,,,,,,,,,,
John Olerud,17,0.285,17,0.302,,,,,,,,,,,,,,,,
Mike Bordick,14,0.285,14,0.249,,,,,,,,,,,,,,,,
Al Martin,11,0.285,11,0.24,,,,,,,,,,,,,,,,
Danny Bautista,12,0.285,12,0.302,,,,,,,,,,,,,,,,
Aaron Boone,12,0.285,12,0.294,,,,,,,,,,,,,,,,
Jacque Jones,10,0.285,10,0.276,,,,,,,,,,,,,,,,
Todd Hundley,14,0.284,14,0.187,,,,,,,,,,,,,,,,
Jeff Conine,17,0.284,17,0.311,,,,,,,,,,,,,,,,
J.T. Snow,16,0.284,16,0.246,,,,,,,,,,,,,,,,
Troy Glaus,13,0.284,13,0.25,,,,,,,,,,,,,,,,
Paul O'Neill,17,0.283,17,0.267,,,,,,,,,,,,,,,,
Ryan Klesko,16,0.283,16,0.286,,,,,,,,,,,,,,,,
Geoff Blum,14,0.283,14,0.236,,,,,,,,,,,,,,,,
Steve Cox,4,0.283,4,0.257,,,,,,,,,,,,,,,,
Julio Lugo,12,0.283,12,0.263,,,,,,,,,,,,,,,,
Chuck Knoblauch,12,0.283,12,0.25,,,,,,,,,,,,,,,,
Roger Cedeno,11,0.282,11,0.293,,,,,,,,,,,,,,,,
Shane Spencer,7,0.282,7,0.258,,,,,,,,,,,,,,,,
David Ortiz,20,0.282,20,0.234,20,0.318,20,0.309,20,0.263,20,0.273,20,0.315,,,,,,
Wally Joyner,16,0.281,,,,,,,,,,,,,,,,,,
Albert Belle,12,0.281,,,,,,,,,,,,,,,,,,
Mark Loretta,15,0.281,15,0.289,,,,,,,,,,,,,,,,
Derrek Lee,15,0.281,15,0.282,,,,,,,,,,,,,,,,
Bengie Molina,13,0.281,13,0.262,,,,,,,,,,,,,,,,
Mark Grace,16,0.28,16,0.298,,,,,,,,,,,,,,,,
Steve Finley,19,0.28,19,0.275,,,,,,,,,,,,,,,,
Tony Eusebio,9,0.28,,,,,,,,,,,,,,,,,,
Ray Durham,14,0.28,14,0.267,,,,,,,,,,,,,,,,
Torii Hunter,19,0.28,19,0.261,19,0.313,19,0.304,19,0.286,19,0.24,,,,,,,,
Mark Grudzielanek,15,0.279,15,0.271,,,,,,,,,,,,,,,,
Ben Grieve,9,0.279,9,0.264,,,,,,,,,,,,,,,,
Randy Velarde,16,0.278,16,0.278,,,,,,,,,,,,,,,,
Joe Girardi,15,0.278,15,0.253,,,,,,,,,,,,,,,,
Kenny Lofton,17,0.278,17,0.261,,,,,,,,,,,,,,,,
Dave McCarty,11,0.278,,,,,,,,,,,,,,,,,,
Mike Lieberthal,14,0.278,,,,,,,,,,,,,,,,,,
Edgar Renteria,16,0.278,16,0.26,,,,,,,,,,,,,,,,
Mike Lamb,10,0.278,10,0.306,,,,,,,,,,,,,,,,
Fred McGriff,19,0.277,19,0.306,,,,,,,,,,,,,,,,
Midre Cummings,11,0.277,,,,,,,,,,,,,,,,,,
Eric Chavez,17,0.277,17,0.288,17,0.281,17,0.281,,,,,,,,,,,,
Luis Polonia,12,0.276,,,,,,,,,,,,,,,,,,
Wil Cordero,14,0.276,14,0.25,,,,,,,,,,,,,,,,
Ricky Gutierrez,12,0.276,12,0.29,,,,,,,,,,,,,,,,
Trot Nixon,12,0.276,12,0.28,,,,,,,,,,,,,,,,
Stan Javier,17,0.275,17,0.292,,,,,,,,,,,,,,,,
Matt Williams,17,0.275,17,0.275,,,,,,,,,,,,,,,,
Doug Glanville,9,0.275,9,0.262,,,,,,,,,,,,,,,,
Damian Miller,11,0.275,11,0.271,,,,,,,,,,,,,,,,
Miguel Tejada,16,0.275,16,0.267,,,,,,,,,,,,,,,,
Melvin Mora,13,0.275,13,0.25,,,,,,,,,,,,,,,,
Dave Martinez,16,0.274,16,0.287,,,,,,,,,,,,,,,,
Gerald Williams,14,0.274,14,0.201,,,,,,,,,,,,,,,,
Gregg Zaun,16,0.274,,,,,,,,,,,,,,,,,,
Tony Clark,15,0.274,15,0.287,,,,,,,,,,,,,,,,
Jeff Abbott,5,0.274,,,,,,,,,,,,,,,,,,
Rey Sanchez,15,0.273,15,0.281,,,,,,,,,,,,,,,,
Jose Valentin,16,0.273,16,0.258,,,,,,,,,,,,,,,,
Mo Vaughn,12,0.272,,,,,,,,,,,,,,,,,,
Chad Curtis,10,0.272,,,,,,,,,,,,,,,,,,
Einar Diaz,11,0.272,11,0.277,,,,,,,,,,,,,,,,
Richie Sexson,12,0.272,12,0.271,,,,,,,,,,,,,,,,
Ken Griffey Jr.,22,0.271,22,0.286,,,,,,,,,,,,,,,,
Raul Mondesi,13,0.271,13,0.252,,,,,,,,,,,,,,,,
Tony Womack,13,0.271,13,0.266,,,,,,,,,,,,,,,,
Rich Aurilia,15,0.271,15,0.324,,,,,,,,,,,,,,,,
Mike Benjamin,13,0.27,,,,,,,,,,,,,,,,,,
Ron Coomer,9,0.27,9,0.261,,,,,,,,,,,,,,,,
Mike Lowell,13,0.27,13,0.283,,,,,,,,,,,,,,,,
Jim Thome,22,0.269,22,0.291,,,,,,,,,,,,,,,,
Shawn Green,15,0.269,15,0.297,,,,,,,,,,,,,,,,
Todd Hollandsworth,12,0.269,,,,,,,,,,,,,,,,,,
Jay Canizaro,4,0.269,,,,,,,,,,,,,,,,,,
Craig Biggio,20,0.268,20,0.292,,,,,,,,,,,,,,,,
Todd Zeile,16,0.268,16,0.266,,,,,,,,,,,,,,,,
Mike Darr,3,0.268,3,0.277,,,,,,,,,,,,,,,,
Bill Mueller,11,0.268,11,0.295,,,,,,,,,,,,,,,,
Jay Bell,18,0.267,18,0.248,,,,,,,,,,,,,,,,
Eddie Taubensee,11,0.267,,,,,,,,,,,,,,,,,,
Brian L. Hunter,10,0.267,,,,,,,,,,,,,,,,,,
Michael Tucker,12,0.267,12,0.252,,,,,,,,,,,,,,,,
Mike Cameron,17,0.267,17,0.267,,,,,,,,,,,,,,,,
Wilton Guerrero,8,0.267,,,,,,,,,,,,,,,,,,
Derek Bell,11,0.266,,,,,,,,,,,,,,,,,,
Brad Ausmus,18,0.266,18,0.232,,,,,,,,,,,,,,,,
Armando Rios,6,0.266,6,0.26,,,,,,,,,,,,,,,,
Adam Kennedy,14,0.266,14,0.27,,,,,,,,,,,,,,,,
Lee Stevens,10,0.265,10,0.245,,,,,,,,,,,,,,,,
Keith Lockhart,10,0.265,,,,,,,,,,,,,,,,,,
Scott Hatteberg,14,0.265,14,0.245,,,,,,,,,,,,,,,,
Bubba Trammell,7,0.265,7,0.261,,,,,,,,,,,,,,,,
Chris Richard,5,0.265,5,0.265,,,,,,,,,,,,,,,,
Chad Kreuter,16,0.264,,,,,,,,,,,,,,,,,,
Brian Jordan,15,0.264,15,0.295,,,,,,,,,,,,,,,,
Luis Lopez,11,0.264,11,0.27,,,,,,,,,,,,,,,,
Preston Wilson,10,0.264,10,0.274,,,,,,,,,,,,,,,,
Tom Goodwin,14,0.263,14,0.231,,,,,,,,,,,,,,,,
Marvin Benard,9,0.263,9,0.265,,,,,,,,,,,,,,,,
Tony Batista,11,0.263,11,0.238,,,,,,,,,,,,,,,,
Ronnie Belliard,13,0.263,13,0.264,,,,,,,,,,,,,,,,
Benito Santiago,20,0.262,20,0.262,,,,,,,,,,,,,,,,
John Flaherty,14,0.261,14,0.238,,,,,,,,,,,,,,,,
Troy O'Leary,11,0.261,11,0.24,,,,,,,,,,,,,,,,
Butch Huskey,7,0.261,,,,,,,,,,,,,,,,,,
Miguel Cairo,17,0.261,,,,,,,,,,,,,,,,,,
Shane Halter,8,0.261,8,0.284,,,,,,,,,,,,,,,,
Mike Matheny,13,0.261,13,0.218,,,,,,,,,,,,,,,,
Lenny Harris,18,0.26,,,,,,,,,,,,,,,,,,
Pat Burrell,12,0.26,12,0.258,,,,,,,,,,,,,,,,
Chris Truby,4,0.26,,,,,,,,,,,,,,,,,,
Terry Shumpert,14,0.259,14,0.289,,,,,,,,,,,,,,,,
Damion Easley,17,0.259,17,0.25,,,,,,,,,,,,,,,,
Kevin Millar,12,0.259,12,0.314,,,,,,,,,,,,,,,,
Warren Morris,5,0.259,,,,,,,,,,,,,,,,,,
Tino Martinez,16,0.258,16,0.28,,,,,,,,,,,,,,,,
Kevin Young,12,0.258,12,0.232,,,,,,,,,,,,,,,,
Daryle Ward,11,0.258,11,0.263,,,,,,,,,,,,,,,,
Brady Anderson,15,0.257,15,0.202,,,,,,,,,,,,,,,,
Mickey Morandini,11,0.257,,,,,,,,,,,,,,,,,,
Carlos Guillen,14,0.257,14,0.259,,,,,,,,,,,,,,,,
Carlos Febles,6,0.257,6,0.236,,,,,,,,,,,,,,,,
Cal Ripken,21,0.256,21,0.239,,,,,,,,,,,,,,,,
Dean Palmer,14,0.256,14,0.222,,,,,,,,,,,,,,,,
Carlos A. Hernandez,10,0.256,,,,,,,,,,,,,,,,,,
Henry Rodriguez,11,0.256,,,,,,,,,,,,,,,,,,
Aramis Ramirez,18,0.256,18,0.3,18,0.3,18,0.283,18,0.285,18,0.246,,,,,,,,
Bobby Bonilla,16,0.255,,,,,,,,,,,,,,,,,,
Jose Offerman,15,0.255,15,0.267,,,,,,,,,,,,,,,,
Damian Jackson,11,0.255,11,0.241,,,,,,,,,,,,,,,,
Pokey Reese,8,0.255,8,0.224,,,,,,,,,,,,,,,,
Harold Baines,22,0.254,,,,,,,,,,,,,,,,,,
Greg Vaughn,15,0.254,15,0.233,,,,,,,,,,,,,,,,
Jeremy Giambi,6,0.254,6,0.283,,,,,,,,,,,,,,,,
Chris Singleton,6,0.254,6,0.298,,,,,,,,,,,,,,,,
Jay Buhner,15,0.253,,,,,,,,,,,,,,,,,,
Ray Lankford,14,0.253,14,0.252,,,,,,,,,,,,,,,,
Jose Guillen,14,0.253,,,,,,,,,,,,,,,,,,
Fernando Tatis,11,0.253,,,,,,,,,,,,,,,,,,
Jose Canseco,17,0.252,17,0.258,,,,,,,,,,,,,,,,
Alex Gonzalez,13,0.252,13,0.253,,,,,,,,,,,,,,,,
Alex Gonzalez,13,0.252,16,0.25,,,,,,,,,,,,,,,,
Alex Gonzalez,16,0.2,13,0.253,,,,,,,,,,,,,,,,
Alex Gonzalez,16,0.2,16,0.25,,,,,,,,,,,,,,,,
Dave Berg,7,0.252,7,0.242,,,,,,,,,,,,,,,,
Mike Redmond,13,0.252,,,,,,,,,,,,,,,,,,
Charlie Hayes,14,0.251,,,,,,,,,,,,,,,,,,
Jose Vizcaino,18,0.251,18,0.277,,,,,,,,,,,,,,,,
Bret Boone,14,0.251,14,0.331,,,,,,,,,,,,,,,,
Damon Buford,9,0.251,,,,,,,,,,,,,,,,,,
Shawon Dunston,18,0.25,,,,,,,,,,,,,,,,,,
Eric Karros,14,0.25,14,0.235,,,,,,,,,,,,,,,,
Tyler Houston,8,0.25,8,0.289,,,,,,,,,,,,,,,,
Ron Gant,16,0.249,16,0.258,,,,,,,,,,,,,,,,
Jason Varitek,15,0.248,,,,,,,,,,,,,,,,,,
Brian Daubach,8,0.248,8,0.263,,,,,,,,,,,,,,,,
Raul Casanova,9,0.247,,,,,,,,,,,,,,,,,,
Carlos Beltran,20,0.247,20,0.306,20,0.269,20,0.296,20,0.233,20,0.276,20,0.295,20,0.231,,,,
Alex Ramirez,3,0.247,,,,,,,,,,,,,,,,,,
Cristian Guzman,11,0.247,11,0.302,,,,,,,,,,,,,,,,
David Bell,12,0.247,12,0.26,,,,,,,,,,,,,,,,
Mark McLemore,19,0.245,19,0.286,,,,,,,,,,,,,,,,
Craig Paquette,11,0.245,11,0.282,,,,,,,,,,,,,,,,
Peter Bergeron,5,0.245,5,0.211,,,,,,,,,,,,,,,,
Marquis Grissom,17,0.244,17,0.221,,,,,,,,,,,,,,,,
Jose Hernandez,15,0.244,15,0.249,,,,,,,,,,,,,,,,
Greg Norton,13,0.244,13,0.267,,,,,,,,,,,,,,,,
Ed Sprague Jr.,11,0.243,,,,,,,,,,,,,,,,,,
Royce Clayton,17,0.242,17,0.263,,,,,,,,,,,,,,,,
Rich Becker,8,0.242,,,,,,,,,,,,,,,,,,
Scott Spiezio,12,0.242,12,0.271,,,,,,,,,,,,,,,,
Jose Cruz Jr.,13,0.242,13,0.274,,,,,,,,,,,,,,,,
Darren Lewis,13,0.241,,,,,,,,,,,,,,,,,,
Juan Castro,17,0.241,17,0.223,,,,,,,,,,,,,,,,
Ramon Hernandez,15,0.241,15,0.254,,,,,,,,,,,,,,,,
Mike Lansing,9,0.24,9,0.25,,,,,,,,,,,,,,,,
Pat Meares,9,0.24,9,0.211,,,,,,,,,,,,,,,,
Mike DiFelice,13,0.24,,,,,,,,,,,,,,,,,,
Benji Gil,8,0.239,8,0.296,,,,,,,,,,,,,,,,
Russ Johnson,7,0.239,7,0.294,,,,,,,,,,,,,,,,
Mike Stanley,15,0.238,,,,,,,,,,,,,,,,,,
Alex Cora,14,0.238,14,0.217,,,,,,,,,,,,,,,,
Orlando Cabrera,15,0.237,15,0.276,,,,,,,,,,,,,,,,
Ricky Ledee,10,0.236,10,0.231,,,,,,,,,,,,,,,,
Henry Blanco,16,0.236,16,0.21,,,,,,,,,,,,,,,,
Dan Wilson,14,0.235,14,0.265,,,,,,,,,,,,,,,,
John Mabry,14,0.235,,,,,,,,,,,,,,,,,,
Travis Lee,9,0.235,9,0.258,,,,,,,,,,,,,,,,
Bobby Estalella,9,0.234,,,,,,,,,,,,,,,,,,
Rickey Henderson,25,0.233,25,0.227,,,,,,,,,,,,,,,,
Chris Widger,10,0.233,,,,,,,,,,,,,,,,,,
Robin Ventura,16,0.232,16,0.237,,,,,,,,,,,,,,,,
Reggie Sanders,17,0.232,17,0.263,,,,,,,,,,,,,,,,
Jeromy Burnitz,14,0.232,14,0.251,,,,,,,,,,,,,,,,
Andy Fox,9,0.232,,,,,,,,,,,,,,,,,,
Wiki Gonzalez,7,0.232,,,,,,,,,,,,,,,,,,
Scott Brosius,11,0.23,11,0.287,,,,,,,,,,,,,,,,
Doug Mirabelli,12,0.23,,,,,,,,,,,,,,,,,,
Kevin Elster,13,0.227,,,,,,,,,,,,,,,,,,
Matt Stairs,19,0.227,19,0.25,,,,,,,,,,,,,,,,
Paul Bako,12,0.226,,,,,,,,,,,,,,,,,,
Mark Johnson,8,0.225,,,,,,,,,,,,,,,,,,
Vinny Castilla,16,0.221,16,0.26,,,,,,,,,,,,,,,,
Kevin Jordan,7,0.22,,,,,,,,,,,,,,,,,,
Kevin Stocker,8,0.219,,,,,,,,,,,,,,,,,,
Kelly Stinnett,14,0.217,,,,,,,,,,,,,,,,,,
Desi Relaford,11,0.215,11,0.302,,,,,,,,,,,,,,,,
Homer Bush,7,0.215,7,0.306,,,,,,,,,,,,,,,,
Jeff Reed,17,0.214,,,,,,,,,,,,,,,,,,
Felix Martinez,5,0.214,5,0.247,,,,,,,,,,,,,,,,
Michael Barrett,12,0.214,12,0.25,,,,,,,,,,,,,,,,
Ruben Rivera,9,0.208,9,0.255,,,,,,,,,,,,,,,,
Tim Bogar,9,0.207,,,,,,,,,,,,,,,,,,
Willie Greene,9,0.201,,,,,,,,,,,,,,,,,,
Ichiro Suzuki,,,19,0.35,19,0.283,19,0.262,19,0.284,19,0.229,19,0.291,,,,,,
Albert Pujols,,,19,0.329,19,0.285,19,0.258,19,0.272,19,0.244,19,0.268,19,0.241,19,0.245,19,0.244
Juan Pierre,,,14,0.327,14,0.307,14,0.247,,,,,,,,,,,,
Paul Lo Duca,,,11,0.32,,,,,,,,,,,,,,,,
Shawn Wooten,,,6,0.312,,,,,,,,,,,,,,,,
Doug Mientkiewicz,,,12,0.306,,,,,,,,,,,,,,,,
Randall Simon,,,8,0.305,,,,,,,,,,,,,,,,
Marty Cordova,,,9,0.301,,,,,,,,,,,,,,,,
Juan Uribe,,,16,0.3,,,16,0.278,16,0.311,16,0.253,16,0.206,,,,,,
Marlon Anderson,,,12,0.293,,,,,,,,,,,,,,,,
Ruben Sierra,,,20,0.291,,,,,,,,,,,,,,,,
A.J. Pierzynski,,,19,0.289,19,0.278,19,0.272,19,0.251,19,0.3,19,0.219,,,,,,
David Eckstein,,,10,0.285,,,,,,,,,,,,,,,,
Joe McEwing,,,9,0.283,,,,,,,,,,,,,,,,
Mike Mordecai,,,12,0.28,,,,,,,,,,,,,,,,
Raul Ibanez,,,19,0.28,19,0.24,19,0.242,19,0.167,,,,,,,,,,
Jason Tyner,,,8,0.28,,,,,,,,,,,,,,,,
Devon White,,,17,0.277,,,,,,,,,,,,,,,,
Dave Dellucci,,,13,0.276,,,,,,,,,,,,,,,,
D'Angelo Jimenez,,,8,0.276,,,,,,,,,,,,,,,,
Craig Counsell,,,16,0.275,,,,,,,,,,,,,,,,
Jimmy Rollins,,,17,0.274,17,0.25,17,0.252,17,0.243,17,0.224,,,,,,,,
Randy Winn,,,13,0.273,,,,,,,,,,,,,,,,
Robert Fick,,,10,0.272,,,,,,,,,,,,,,,,
Brent Abernathy,,,4,0.27,,,,,,,,,,,,,,,,
Alfonso Soriano,,,16,0.268,16,0.262,16,0.255,16,0.221,,,,,,,,,,
Jose Macias,,,7,0.268,,,,,,,,,,,,,,,,
Tsuyoshi Shinjo,,,3,0.268,,,,,,,,,,,,,,,,
Jeff Reboulet,,,12,0.266,,,,,,,,,,,,,,,,
Eli Marrero,,,10,0.266,,,,,,,,,,,,,,,,
Luis Rivas,,,8,0.266,,,,,,,,,,,,,,,,
Rob Mackowiak,,,8,0.266,,,,,,,,,,,,,,,,
Shea Hillenbrand,,,7,0.263,,,,,,,,,,,,,,,,
Abraham Nunez,,,12,0.262,,,,,,,,,,,,,,,,
Damian Rolls,,,5,0.262,,,,,,,,,,,,,,,,
Marcus Giles,,,7,0.262,,,,,,,,,,,,,,,,
Adam Dunn,,,14,0.262,14,0.204,14,0.219,14,0.219,,,,,,,,,,
Jolbert Cabrera,,,8,0.261,,,,,,,,,,,,,,,,
Chris Gomez,,,16,0.259,,,,,,,,,,,,,,,,
Jeff Liefer,,,7,0.256,,,,,,,,,,,,,,,,
Ramon Martinez,,,12,0.253,,,,,,,,,,,,,,,,
Brian Roberts,,,14,0.253,,,14,0.249,14,0.237,,,,,,,,,,
Michael Young,,,14,0.249,14,0.277,14,0.279,,,,,,,,,,,,
Rico Brogna,,,9,0.248,,,,,,,,,,,,,,,,
Aubrey Huff,,,13,0.248,,,,,,,,,,,,,,,,
Rey Ordonez,,,9,0.247,,,,,,,,,,,,,,,,
Timo Perez,,,8,0.247,,,,,,,,,,,,,,,,
Dee Brown,,,8,0.245,,,,,,,,,,,,,,,,
Calvin Murray,,,5,0.245,,,,,,,,,,,,,,,,
Frank Menechino,,,7,0.242,,,,,,,,,,,,,,,,
Jose Ortiz,,,3,0.24,,,,,,,,,,,,,,,,
Ben Davis,,,7,0.239,,,,,,,,,,,,,,,,
Ben Petrick,,,5,0.238,,,,,,,,,,,,,,,,
Jason LaRue,,,12,0.236,,,,,,,,,,,,,,,,
Jay Gibbons,,,9,0.236,,,,,,,,,,,,,,,,
Jerry Hairston Jr.,,,16,0.233,16,0.273,16,0.211,,,,,,,,,,,,
Russell Branyan,,,14,0.232,,,,,,,,,,,,,,,,
Johnny Estrada,,,8,0.228,,,,,,,,,,,,,,,,
Gary Matthews Jr.,,,12,0.227,,,,,,,,,,,,,,,,
Pedro Feliz,,,11,0.227,,,,,,,,,,,,,,,,
Tom Lampkin,,,13,0.225,,,,,,,,,,,,,,,,
Milton Bradley,,,12,0.223,,,,,,,,,,,,,,,,
Jack Wilson,,,12,0.223,,,,,,,,,,,,,,,,
Wes Helms,,,13,0.222,,,,,,,,,,,,,,,,
Wendell Magee Jr.,,,7,0.213,,,,,,,,,,,,,,,,
Melky Cabrera,,,,,15,0.346,15,0.279,15,0.301,15,0.273,15,0.296,15,0.285,15,0.28,15,0.28
Joey Votto,,,,,13,0.337,13,0.305,13,0.255,13,0.314,13,0.326,13,0.32,13,0.284,13,0.261
Buster Posey,,,,,11,0.336,11,0.294,11,0.311,11,0.318,11,0.288,11,0.32,11,0.284,11,0.257
Miguel Cabrera,,,,,17,0.33,17,0.348,17,0.313,17,0.338,17,0.316,17,0.249,,,17,0.282
Andrew McCutchen,,,,,11,0.327,11,0.317,11,0.314,11,0.292,11,0.256,11,0.279,11,0.255,11,0.256
Mike Trout,,,,,9,0.326,9,0.323,9,0.287,9,0.299,9,0.315,9,0.306,9,0.312,9,0.291
Jeff Keppinger,,,,,9,0.325,9,0.253,,,,,,,,,,,,
Carlos Ruiz,,,,,12,0.325,12,0.268,12,0.252,12,0.211,12,0.264,,,,,,
Andy Dirks,,,,,3,0.322,3,0.256,,,,,,,,,,,,
Jonathan Lucroy,,,,,10,0.32,10,0.28,10,0.301,10,0.264,10,0.292,10,0.265,10,0.241,10,0.232
Joe Mauer,,,,,15,0.319,15,0.324,15,0.277,15,0.265,15,0.261,15,0.305,15,0.282,,
Ryan Braun,,,,,13,0.319,13,0.298,13,0.266,13,0.285,13,0.305,13,0.268,13,0.254,13,0.285
Yadier Molina,,,,,16,0.315,16,0.319,16,0.282,16,0.27,16,0.307,16,0.273,16,0.261,16,0.27
Prince Fielder,,,,,12,0.313,12,0.279,,,12,0.305,12,0.212,,,,,,
Robinson Cano,,,,,15,0.313,15,0.314,15,0.314,15,0.287,15,0.298,15,0.28,15,0.303,15,0.256
Billy Butler,,,,,10,0.313,10,0.289,10,0.271,10,0.251,10,0.284,,,,,,
Justin Ruggiano,,,,,9,0.313,9,0.222,9,0.281,,,,,,,,,,
Jordan Pacheco,,,,,6,0.309,6,0.239,,,,,,,,,,,,
Allen Craig,,,,,6,0.307,6,0.315,6,0.215,,,,,,,,,,
Marco Scutaro,,,,,13,0.306,13,0.297,,,,,,,,,,,,
David Wright,,,,,14,0.306,14,0.307,14,0.269,,,,,,,,,,
Jon Jay,,,,,10,0.305,10,0.276,10,0.303,10,0.21,10,0.291,10,0.296,10,0.268,,
Alex Rios,,,,,12,0.304,12,0.278,12,0.28,12,0.255,,,,,,,,
David Murphy,,,,,10,0.304,10,0.22,10,0.262,10,0.283,,,,,,,,
Craig Gentry,,,,,10,0.304,10,0.28,10,0.254,,,,,,,,,,
Matt Kemp,,,,,14,0.303,14,0.27,14,0.287,14,0.265,14,0.268,14,0.276,14,0.29,,
Carlos Gonzalez,,,,,12,0.303,12,0.302,12,0.238,12,0.271,12,0.298,12,0.262,12,0.276,,
Willie Bloomquist,,,,,14,0.302,,,,,,,,,,,,,,
Aaron Hill,,,,,13,0.302,13,0.291,13,0.244,13,0.23,13,0.262,,,,,,
Martin Prado,,,,,14,0.301,14,0.282,14,0.282,14,0.288,14,0.305,,,,,14,0.233
Chris Nelson,,,,,5,0.301,5,0.227,,,,,,,,,,,,
Salvador Perez,,,,,8,0.301,8,0.292,8,0.26,8,0.26,8,0.247,8,0.268,8,0.235,,
Jayson Werth,,,,,15,0.3,15,0.318,15,0.292,15,0.221,15,0.244,15,0.226,,,,
Dexter Fowler,,,,,12,0.3,12,0.263,12,0.276,12,0.25,12,0.276,12,0.264,12,0.18,12,0.238
Austin Jackson,,,,,9,0.3,9,0.272,9,0.256,9,0.267,,,9,0.318,9,0.245,,
Adrian Gonzalez,,,,,15,0.299,15,0.293,15,0.276,15,0.275,15,0.285,15,0.242,,,,
Nick Markakis,,,,,14,0.298,14,0.271,14,0.276,14,0.296,14,0.269,14,0.275,14,0.297,14,0.285
Luis Cruz,,,,,5,0.297,,,,,,,,,,,,,,
DJ LeMahieu,,,,,9,0.297,9,0.28,9,0.267,9,0.301,9,0.348,9,0.31,9,0.276,9,0.327
Matt Holliday,,,,,15,0.295,15,0.3,15,0.272,15,0.279,15,0.246,15,0.231,,,,
Donovan Solano,,,,,6,0.295,6,0.249,6,0.252,,,,,,,,,6,0.33
Alex Gordon,,,,,13,0.294,13,0.265,13,0.266,13,0.271,13,0.22,13,0.208,13,0.245,13,0.266
Ben Revere,,,,,8,0.294,8,0.305,8,0.306,8,0.306,8,0.217,8,0.275,,,,
Matt Carpenter,,,,,9,0.294,9,0.318,9,0.272,9,0.272,9,0.271,9,0.241,9,0.257,9,0.226
Chris Denorfia,,,,,10,0.293,10,0.279,10,0.23,10,0.269,,,,,,,,
Alcides Escobar,,,,,11,0.293,11,0.234,11,0.285,11,0.257,11,0.261,11,0.25,11,0.231,,
David Freese,,,,,11,0.293,11,0.262,11,0.26,11,0.257,11,0.27,11,0.263,11,0.296,,
Pedro Ciriaco,,,,,6,0.293,,,,,,,,,,,,,,
Ian Desmond,,,,,11,0.292,11,0.28,11,0.255,11,0.233,11,0.285,11,0.274,11,0.236,11,0.255
Yoenis Cespedes,,,,,7,0.292,7,0.24,7,0.26,7,0.291,7,0.28,7,0.292,,,,
Michael Morse,,,,,13,0.291,13,0.215,13,0.279,13,0.231,,,,,,,,
Brandon Moss,,,,,11,0.291,11,0.256,11,0.234,11,0.226,11,0.225,11,0.207,,,,
Roger Bernadina,,,,,7,0.291,7,0.181,,,,,,,,,,,,
Daniel Murphy,,,,,11,0.291,11,0.286,11,0.289,11,0.281,11,0.347,11,0.322,11,0.299,11,0.279
Reed Johnson,,,,,13,0.29,,,,,,,,,,,,,,
Dustin Pedroia,,,,,14,0.29,14,0.301,14,0.278,14,0.291,14,0.318,14,0.293,,,,
Erick Aybar,,,,,12,0.29,12,0.271,12,0.278,12,0.27,12,0.243,12,0.234,,,,
Tyler Colvin,,,,,6,0.29,,,,,,,,,,,,,,
Giancarlo Stanton,,,,,10,0.29,10,0.249,10,0.288,10,0.265,10,0.24,10,0.281,10,0.266,,
Jose Altuve,,,,,9,0.29,9,0.283,9,0.341,9,0.313,9,0.338,9,0.346,9,0.316,9,0.298
Evan Longoria,,,,,12,0.289,12,0.269,12,0.253,12,0.27,12,0.273,12,0.261,12,0.244,12,0.254
Ruben Tejada,,,,,9,0.289,9,0.202,9,0.237,9,0.261,,,,,,,,
Angel Pagan,,,,,11,0.288,11,0.282,11,0.3,11,0.262,11,0.277,,,,,,
Michael Brantley,,,,,11,0.288,11,0.284,11,0.327,11,0.31,,,11,0.299,11,0.309,11,0.311
Will Middlebrooks,,,,,6,0.288,6,0.227,6,0.191,6,0.212,,,,,,,,
Norichika Aoki,,,,,6,0.288,6,0.286,6,0.285,6,0.287,6,0.283,6,0.277,,,,
Jose Reyes,,,,,16,0.287,16,0.296,16,0.287,16,0.274,16,0.267,16,0.246,16,0.189,,
Howie Kendrick,,,,,14,0.287,14,0.297,14,0.293,14,0.295,14,0.255,14,0.315,,,14,0.344
Adam Jones,,,,,14,0.287,14,0.285,14,0.281,14,0.269,14,0.265,14,0.285,14,0.281,14,0.26
Miguel Montero,,,,,13,0.286,13,0.23,13,0.243,13,0.248,13,0.216,,,,,,
Chase Headley,,,,,12,0.286,12,0.25,12,0.243,12,0.259,12,0.251,12,0.273,,,,
Elvis Andrus,,,,,11,0.286,11,0.271,11,0.263,11,0.258,11,0.302,11,0.297,11,0.256,11,0.275
Paul Goldschmidt,,,,,9,0.286,9,0.302,9,0.3,9,0.321,9,0.297,9,0.297,9,0.29,9,0.26
Josh Hamilton,,,,,9,0.285,9,0.25,9,0.263,,,,,,,,,,
Greg Dobbs,,,,,11,0.285,11,0.228,,,,,,,,,,,,
Anthony Rizzo,,,,,9,0.285,9,0.233,9,0.286,9,0.278,9,0.292,9,0.273,9,0.283,9,0.293
Andre Ethier,,,,,12,0.284,12,0.272,12,0.249,12,0.294,,,,,,,,
Shin-Soo Choo,,,,,15,0.283,15,0.285,15,0.242,15,0.276,,,15,0.261,15,0.264,15,0.265
Denard Span,,,,,11,0.283,11,0.279,11,0.302,11,0.301,11,0.266,11,0.272,11,0.261,,
Pablo Sandoval,,,,,12,0.283,12,0.278,12,0.279,12,0.245,,,12,0.22,12,0.248,12,0.268
Starlin Castro,,,,,10,0.283,10,0.245,10,0.292,10,0.265,10,0.27,10,0.3,10,0.278,10,0.27
Ryan Zimmerman,,,,,15,0.282,15,0.275,15,0.28,15,0.249,15,0.218,15,0.303,15,0.264,,
Brandon Phillips,,,,,17,0.281,17,0.261,17,0.266,17,0.294,17,0.291,17,0.285,,,,
Alejandro De Aza,,,,,10,0.281,10,0.264,10,0.252,10,0.262,10,0.205,,,,,,
Chris Johnson,,,,,8,0.281,8,0.321,8,0.263,8,0.255,8,0.222,,,,,,
Edwin Encarnacion,,,,,15,0.28,15,0.272,15,0.268,15,0.277,15,0.263,15,0.258,15,0.246,15,0.244
Justin Upton,,,,,13,0.28,13,0.263,13,0.27,13,0.251,13,0.246,13,0.273,13,0.257,13,0.215
Neil Walker,,,,,11,0.28,11,0.251,11,0.271,11,0.269,11,0.282,11,0.265,11,0.219,11,0.261
Hector Sanchez,,,,,7,0.28,,,,,,,,,,,,,,
Skip Schumaker,,,,,11,0.276,11,0.263,11,0.235,11,0.242,,,,,,,,
John Jaso,,,,,9,0.276,9,0.271,9,0.264,,,9,0.268,9,0.211,,,,
Ryan Ludwick,,,,,12,0.275,,,12,0.244,,,,,,,,,,
Ryan Doumit,,,,,10,0.275,10,0.247,,,,,,,,,,,,
Mitch Moreland,,,,,10,0.275,10,0.232,,,10,0.278,10,0.233,10,0.246,10,0.245,10,0.252
Brandon Belt,,,,,9,0.275,9,0.289,9,0.243,9,0.28,9,0.275,9,0.241,9,0.253,9,0.234
Omar Infante,,,,,15,0.274,15,0.318,15,0.252,15,0.22,,,,,,,,
Michael Bourn,,,,,11,0.274,11,0.263,11,0.257,11,0.238,11,0.264,,,,,,
Garrett Jones,,,,,8,0.274,8,0.233,8,0.246,,,,,,,,,,
Ryan Hanigan,,,,,11,0.274,11,0.198,11,0.218,,,,,,,,,,
Josh Rutledge,,,,,6,0.274,6,0.235,6,0.269,,,,,,,,,,
Kendrys Morales,,,,,13,0.273,13,0.277,13,0.218,13,0.29,13,0.263,13,0.25,13,0.249,,
Gerardo Parra,,,,,11,0.273,11,0.268,11,0.261,11,0.291,11,0.253,11,0.309,11,0.284,11,0.234
Todd Frazier,,,,,9,0.273,9,0.234,9,0.273,9,0.255,9,0.225,9,0.213,9,0.213,9,0.251
Yonder Alonso,,,,,10,0.273,10,0.281,10,0.24,10,0.282,10,0.253,10,0.266,10,0.25,10,0.199
Logan Forsythe,,,,,9,0.273,9,0.214,9,0.223,9,0.281,9,0.264,9,0.224,9,0.232,9,0.227
Brett Lawrie,,,,,6,0.273,6,0.254,6,0.247,6,0.26,6,0.248,,,,,,
Steve Lombardozzi,,,,,6,0.273,6,0.259,,,,,,,,,,,,
Nick Swisher,,,,,12,0.272,12,0.246,12,0.208,12,0.196,,,,,,,,
Adam LaRoche,,,,,12,0.271,12,0.237,12,0.259,12,0.207,,,,,,,,
Jacoby Ellsbury,,,,,11,0.271,11,0.298,11,0.271,11,0.257,11,0.263,11,0.264,,,,
Corey Hart,,,,,11,0.27,,,11,0.203,,,,,,,,,,
Ryan Theriot,,,,,8,0.27,,,,,,,,,,,,,,
Ben Zobrist,,,,,14,0.27,14,0.275,14,0.272,14,0.276,14,0.272,14,0.232,14,0.305,,
Joaquin Arias,,,,,8,0.27,8,0.271,,,,,,,,,,,,
Asdrubal Cabrera,,,,,13,0.27,13,0.242,13,0.241,13,0.265,13,0.28,13,0.28,13,0.262,13,0.26
Chris Davis,,,,,12,0.27,12,0.286,12,0.196,12,0.262,12,0.221,12,0.215,12,0.168,12,0.179
A.J. Ellis,,,,,11,0.27,11,0.238,11,0.191,,,,,,,,,,
Wilin Rosario,,,,,5,0.27,5,0.292,5,0.267,5,0.268,,,,,,,,
Bryce Harper,,,,,8,0.27,8,0.274,8,0.273,8,0.33,8,0.243,8,0.319,8,0.249,8,0.26
Jason Heyward,,,,,10,0.269,10,0.254,10,0.271,10,0.293,10,0.23,10,0.259,10,0.27,10,0.251
Jamey Carroll,,,,,12,0.268,12,0.211,,,,,,,,,,,,
Mark Trumbo,,,,,10,0.268,10,0.234,10,0.235,10,0.262,10,0.256,10,0.234,10,0.261,,
Justin Morneau,,,,,14,0.267,14,0.259,14,0.319,,,14,0.261,,,,,,
Cody Ross,,,,,12,0.267,12,0.278,12,0.252,,,,,,,,,,
Delmon Young,,,,,10,0.267,10,0.26,10,0.302,,,,,,,,,,
Lorenzo Cain,,,,,10,0.266,10,0.251,10,0.301,10,0.307,10,0.287,10,0.3,10,0.308,10,0.26
Martin Maldonado,,,,,9,0.266,,,,,9,0.21,9,0.202,9,0.221,9,0.225,9,0.213
Alexei Ramirez,,,,,9,0.265,9,0.284,9,0.273,9,0.249,9,0.241,,,,,,
Chris Heisey,,,,,8,0.265,8,0.237,8,0.222,,,,,,,,,,
Will Venable,,,,,9,0.264,9,0.268,9,0.224,9,0.244,,,,,,,,
Scott Hairston,,,,,11,0.263,,,,,,,,,,,,,,
David DeJesus,,,,,13,0.263,13,0.251,13,0.248,13,0.233,,,,,,,,
Jonny Gomes,,,,,13,0.262,13,0.247,13,0.234,13,0.213,,,,,,,,
Jonathan Herrera,,,,,7,0.262,,,,,,,,,,,,,,
Wilson Betemit,,,,,11,0.261,,,,,,,,,,,,,,
Carlos Quentin,,,,,9,0.261,9,0.275,,,,,,,,,,,,
Michael Cuddyer,,,,,15,0.26,15,0.331,,,15,0.259,,,,,,,,
Josh Willingham,,,,,11,0.26,11,0.208,11,0.215,,,,,,,,,,
Nelson Cruz,,,,,15,0.26,15,0.266,15,0.271,15,0.302,15,0.287,15,0.288,15,0.256,15,0.311
Ryan Sweeney,,,,,9,0.26,,,9,0.251,,,,,,,,,,
Carlos Gomez,,,,,13,0.26,13,0.284,13,0.284,13,0.255,13,0.231,13,0.255,13,0.208,,
Jesus Montero,,,,,5,0.26,,,,,,,,,,,,,,
Jarrod Dyson,,,,,10,0.26,10,0.258,10,0.269,,,10,0.278,10,0.251,10,0.189,10,0.23
Dewayne Wise,,,,,11,0.259,,,,,,,,,,,,,,
Coco Crisp,,,,,15,0.259,15,0.261,15,0.246,,,15,0.231,,,,,,
Scott Moore,,,,,5,0.259,,,,,,,,,,,,,,
Bryan LaHair,,,,,3,0.259,,,,,,,,,,,,,,
Freddie Freeman,,,,,10,0.259,10,0.319,10,0.288,10,0.276,10,0.302,10,0.307,10,0.309,10,0.295
Kyle Seager,,,,,9,0.259,9,0.26,9,0.268,9,0.266,9,0.278,9,0.249,9,0.221,9,0.239
Mark Ellis,,,,,12,0.258,12,0.27,,,,,,,,,,,,
Emilio Bonifacio,,,,,11,0.258,11,0.243,11,0.259,,,,,,,,,,
Quintin Berry,,,,,5,0.258,,,,,,,,,,,,,,
Hanley Ramirez,,,,,15,0.257,15,0.345,15,0.283,15,0.249,15,0.286,15,0.242,,,,
Rajai Davis,,,,,14,0.257,14,0.26,14,0.282,14,0.258,14,0.249,14,0.235,,,,
Nate Schierholtz,,,,,8,0.257,8,0.251,8,0.195,,,,,,,,,,
Jason Castro,,,,,9,0.257,9,0.276,9,0.222,9,0.211,9,0.21,9,0.242,,,9,0.232
Jason Kipnis,,,,,9,0.257,9,0.284,9,0.24,9,0.303,9,0.275,9,0.232,9,0.23,9,0.245
Chase Utley,,,,,16,0.256,16,0.284,16,0.27,16,0.212,16,0.252,16,0.236,,,,
Maicer Izturis,,,,,11,0.256,11,0.236,,,,,,,,,,,,
Ian Kinsler,,,,,14,0.256,14,0.277,14,0.275,14,0.296,14,0.288,14,0.236,14,0.24,14,0.217
Shane Victorino,,,,,12,0.255,12,0.294,,,,,,,,,,,,
Adam Lind,,,,,12,0.255,12,0.288,12,0.321,12,0.277,12,0.239,12,0.303,,,,
Dayan Viciedo,,,,,5,0.255,5,0.265,5,0.231,,,,,,,,,,
Darwin Barney,,,,,8,0.254,8,0.208,8,0.241,,,8,0.269,8,0.232,,,,
Jason Kubel,,,,,10,0.253,10,0.216,,,,,,,,,,,,
Yunel Escobar,,,,,11,0.253,11,0.256,11,0.258,11,0.314,11,0.304,11,0.274,,,,
Hunter Pence,,,,,13,0.253,13,0.283,13,0.277,13,0.275,13,0.289,13,0.26,13,0.226,13,0.297
Brett Wallace,,,,,6,0.253,6,0.221,,,,,6,0.189,,,,,,
Alberto Callaspo,,,,,10,0.252,10,0.258,10,0.223,10,0.235,,,,,,,,
Jay Bruce,,,,,12,0.252,12,0.262,12,0.217,12,0.226,12,0.25,12,0.254,12,0.223,12,0.216
Kirk Nieuwenhuis,,,,,6,0.252,,,,,,,6,0.209,,,,,,
Carlos Santana,,,,,10,0.252,10,0.268,10,0.231,10,0.231,10,0.259,10,0.259,10,0.229,10,0.281
Mark Teixeira,,,,,14,0.251,,,14,0.216,14,0.255,14,0.204,,,,,,
Mike Aviles,,,,,10,0.25,10,0.252,10,0.247,10,0.231,,,,,,,,
James Loney,,,,,11,0.249,11,0.299,11,0.29,11,0.28,11,0.265,,,,,,
Matt Wieters,,,,,11,0.249,11,0.235,,,11,0.267,11,0.243,11,0.225,11,0.238,,
Brandon Crawford,,,,,9,0.248,9,0.248,9,0.246,9,0.256,9,0.275,9,0.253,9,0.254,9,0.228
Michael Saunders,,,,,9,0.247,9,0.236,9,0.273,,,9,0.253,9,0.202,,,,
Jesus Guzman,,,,,5,0.247,5,0.226,,,,,,,,,,,,
Danny Espinosa,,,,,8,0.247,,,8,0.219,8,0.24,8,0.209,8,0.173,,,,
B.J. Upton,,,,,12,0.246,12,0.184,12,0.208,12,0.259,12,0.238,,,,,,
Jose Lopez,,,,,9,0.246,,,,,,,,,,,,,,
Everth Cabrera,,,,,7,0.246,7,0.283,7,0.232,,,,,,,,,,
Zack Cozart,,,,,9,0.246,9,0.254,9,0.221,,,9,0.252,9,0.297,9,0.219,,
Desmond Jennings,,,,,7,0.246,7,0.252,7,0.244,,,,,,,,,,
John Mayberry Jr.,,,,,7,0.245,7,0.227,,,,,,,,,,,,
Juan Rivera,,,,,12,0.244,,,,,,,,,,,,,,
Jack Hannahan,,,,,8,0.244,,,,,,,,,,,,,,
Gregor Blanco,,,,,10,0.244,10,0.265,10,0.26,10,0.291,10,0.224,10,0.246,,,,
Jed Lowrie,,,,,12,0.244,12,0.29,12,0.249,12,0.222,12,0.263,12,0.277,12,0.267,,
Pedro Alvarez,,,,,9,0.244,9,0.233,9,0.231,9,0.243,9,0.249,,,,,,
Cameron Maybin,,,,,13,0.243,,,13,0.235,13,0.267,13,0.315,13,0.228,13,0.249,13,0.285
Jose Tabata,,,,,6,0.243,6,0.282,,,,,,,,,,,,
Alex Avila,,,,,11,0.243,11,0.227,11,0.218,,,,,11,0.264,,,,
Daniel Nava,,,,,7,0.243,7,0.303,7,0.27,,,,,,,,,,
Elliot Johnson,,,,,5,0.242,5,0.209,,,,,,,,,,,,
Mike Moustakas,,,,,9,0.242,9,0.233,9,0.212,9,0.284,,,9,0.272,9,0.251,9,0.254
Josh Reddick,,,,,11,0.242,11,0.226,11,0.264,11,0.272,11,0.281,11,0.314,11,0.242,11,0.275
Jose Bautista,,,,,15,0.241,15,0.259,15,0.286,15,0.25,15,0.234,15,0.203,15,0.203,,
Nate McLouth,,,,,10,0.241,10,0.258,,,,,,,,,,,,
Alexi Casilla,,,,,9,0.241,,,,,,,,,,,,,,
Matt Joyce,,,,,12,0.241,12,0.235,12,0.254,12,0.174,12,0.242,12,0.243,12,0.208,,
Josh Donaldson,,,,,9,0.241,9,0.301,9,0.255,9,0.297,9,0.284,9,0.27,,,9,0.259
J.D. Martinez,,,,,9,0.241,9,0.25,9,0.315,9,0.282,9,0.307,9,0.303,9,0.33,9,0.304
Chris Iannetta,,,,,14,0.24,14,0.225,14,0.252,14,0.188,14,0.21,14,0.254,14,0.224,,
Seth Smith,,,,,11,0.24,11,0.253,11,0.266,11,0.248,11,0.249,11,0.258,,,,
Brennan Boesch,,,,,6,0.24,,,,,,,,,,,,,,
Alexi Amarista,,,,,7,0.24,7,0.236,7,0.239,7,0.204,,,,,,,,
Jhonny Peralta,,,,,15,0.239,15,0.303,15,0.263,15,0.275,15,0.26,,,,,,
Nyjer Morgan,,,,,7,0.239,,,,,,,,,,,,,,
Chris Carter,,,,,8,0.239,8,0.223,8,0.227,8,0.199,8,0.222,,,,,,
Lucas Duda,,,,,10,0.239,10,0.223,10,0.253,10,0.244,,,10,0.217,10,0.241,,
J.J. Hardy,,,,,13,0.238,13,0.263,13,0.268,13,0.219,13,0.269,13,0.217,,,,
Alex Presley,,,,,8,0.237,,,8,0.244,,,,,8,0.314,,,,
Brayan Pena,,,,,12,0.236,12,0.297,12,0.253,12,0.273,,,,,,,,
Ty Wigginton,,,,,12,0.235,,,,,,,,,,,,,,
Kevin Youkilis,,,,,10,0.235,,,,,,,,,,,,,,
Jeff Francoeur,,,,,12,0.235,12,0.204,,,12,0.258,12,0.254,,,,,,
Ryan Roberts,,,,,9,0.235,,,,,,,,,,,,,,
Kurt Suzuki,,,,,13,0.235,13,0.232,13,0.288,13,0.24,13,0.258,13,0.283,13,0.271,13,0.264
Trevor Plouffe,,,,,9,0.235,9,0.254,9,0.258,9,0.244,9,0.26,9,0.198,,,,
Gordon Beckham,,,,,11,0.234,11,0.267,11,0.226,11,0.209,11,0.212,,,,,11,0.215
Josh Thole,,,,,8,0.234,,,,,,,,,,,,,,
Marwin Gonzalez,,,,,8,0.234,8,0.221,8,0.277,8,0.279,8,0.254,8,0.303,8,0.247,8,0.264
Brian Dozier,,,,,8,0.234,8,0.244,8,0.242,8,0.236,8,0.268,8,0.271,8,0.215,8,0.238
Kelly Shoppach,,,,,9,0.233,,,,,,,,,,,,,,
J.P. Arencibia,,,,,6,0.233,6,0.194,6,0.177,,,,,,,,,,
Michael McKenry,,,,,7,0.233,,,,,,,,,,,,,,
Josh Harrison,,,,,9,0.233,,,9,0.315,9,0.287,9,0.283,9,0.272,9,0.25,,
Curtis Granderson,,,,,16,0.232,16,0.229,16,0.227,16,0.259,16,0.237,16,0.212,16,0.242,16,0.183
Tony Gwynn,,,,,8,0.232,,,,,,,,,,,,,,
Eric Thames,,,,,5,0.232,,,,,,,,,5,0.247,5,0.219,5,0.247
Eric Hosmer,,,,,9,0.232,9,0.302,9,0.27,9,0.297,9,0.266,9,0.318,9,0.253,9,0.265
Chris Young,,,,,13,0.231,13,0.2,13,0.222,13,0.252,13,0.276,13,0.235,,,,
Vernon Wells,,,,,15,0.23,15,0.233,,,,,,,,,,,,
Andres Torres,,,,,9,0.23,9,0.25,,,,,,,,,,,,
Rickie Weeks,,,,,14,0.23,14,0.209,14,0.274,,,,,,,,,,
Brian McCann,,,,,15,0.23,15,0.256,15,0.232,15,0.232,15,0.242,15,0.241,,,15,0.249
Tyler Greene,,,,,5,0.23,,,,,,,,,,,,,,
Logan Morrison,,,,,10,0.23,10,0.242,10,0.262,10,0.225,10,0.238,10,0.246,10,0.186,,
Clint Barmes,,,,,13,0.229,13,0.211,,,13,0.232,,,,,,,,
Casey Kotchman,,,,,10,0.229,,,,,,,,,,,,,,
Luke Scott,,,,,9,0.229,9,0.241,,,,,,,,,,,,
Justin Maxwell,,,,,7,0.229,7,0.252,,,7,0.209,,,,,,,,
Travis Hafner,,,,,12,0.228,12,0.202,,,,,,,,,,,,
Yuniesky Betancourt,,,,,9,0.228,9,0.212,,,,,,,,,,,,
Casper Wells,,,,,4,0.228,,,,,,,,,,,,,,
Dee Strange-Gordon,,,,,9,0.228,,,9,0.289,9,0.333,9,0.268,9,0.308,9,0.268,9,0.275
Mike Napoli,,,,,12,0.227,12,0.259,12,0.248,12,0.224,12,0.239,12,0.193,,,,
Daniel Descalso,,,,,10,0.227,10,0.238,,,,,10,0.264,10,0.233,10,0.238,,
Ike Davis,,,,,7,0.227,7,0.205,7,0.233,7,0.229,,,,,,,,
Dustin Ackley,,,,,6,0.226,6,0.253,6,0.245,6,0.231,,,,,,,,
Kelly Johnson,,,,,11,0.225,11,0.235,11,0.215,11,0.265,11,0.247,,,,,,
José Molina,,,,,15,0.223,15,0.233,15,0.178,,,,,,,,,,
Stephen Drew,,,,,12,0.223,12,0.253,12,0.162,12,0.201,,,,,,,,
Colby Rasmus,,,,,10,0.223,10,0.276,10,0.225,10,0.238,10,0.206,,,,,,
Miguel Olivo,,,,,13,0.222,,,,,,,,,,,,,,
Jarrod Saltalamacchia,,,,,12,0.222,12,0.273,12,0.22,,,12,0.171,,,,,,
Mark Reynolds,,,,,13,0.221,13,0.22,13,0.196,13,0.23,13,0.282,13,0.267,13,0.248,,
Jemile Weeks,,,,,6,0.221,,,,,,,,,,,,,,
Cody Ransom,,,,,11,0.22,,,,,,,,,,,,,,
Dan Uggla,,,,,10,0.22,10,0.179,,,,,,,,,,,,
Ryan Howard,,,,,13,0.219,13,0.266,13,0.223,13,0.229,13,0.196,,,,,,
Luis Valbuena,,,,,11,0.219,11,0.218,11,0.249,11,0.224,11,0.26,11,0.199,11,0.199,,
Brandon Inge,,,,,13,0.218,,,,,,,,,,,,,,
Jeff Mathis,,,,,15,0.218,15,0.181,,,,,,,,,,,15,0.158
Casey McGehee,,,,,8,0.217,,,8,0.287,8,0.198,,,,,,,,
Gaby Sanchez,,,,,7,0.217,7,0.254,7,0.229,,,,,,,,,,
Justin Smoak,,,,,10,0.217,10,0.238,10,0.202,10,0.226,10,0.217,10,0.27,10,0.242,10,0.208
Cliff Pennington,,,,,11,0.215,11,0.242,,,11,0.21,,,,,,,,
Jesus Flores,,,,,5,0.213,,,,,,,,,,,,,,
Sean Rodriguez,,,,,12,0.213,,,12,0.211,12,0.246,12,0.27,,,,,,
Drew Stubbs,,,,,9,0.213,9,0.233,9,0.289,,,,,,,,,,
Russell Martin,,,,,14,0.211,14,0.226,14,0.29,14,0.24,14,0.231,14,0.221,14,0.194,14,0.22
Robert Andino,,,,,10,0.211,,,,,,,,,,,,,,
Jordan Schafer,,,,,6,0.211,6,0.247,6,0.238,,,,,,,,,,
Joe Mather,,,,,4,0.209,,,,,,,,,,,,,,
Rod Barajas,,,,,14,0.206,,,,,,,,,,,,,,
Ramon Santiago,,,,,13,0.206,13,0.224,,,,,,,,,,,,
Orlando Hudson,,,,,11,0.204,,,,,,,,,,,,,,
Shelley Duncan,,,,,7,0.203,,,,,,,,,,,,,,
Brian Bogusevic,,,,,5,0.203,,,,,,,,,,,,,,
Derek Norris,,,,,6,0.201,6,0.246,6,0.27,6,0.25,6,0.186,,,,,,
Geovany Soto,,,,,13,0.198,,,,,,,,,,,,,,
Carlos Pena,,,,,14,0.197,14,0.207,,,,,,,,,,,,
Bryan Petersen,,,,,3,0.195,,,,,,,,,,,,,,
Brendan Ryan,,,,,10,0.194,10,0.197,,,,,,,,,,,,
John Buck,,,,,11,0.192,11,0.222,,,,,,,,,,,,
Chris Snyder,,,,,10,0.176,,,,,,,,,,,,,,
Ryan Raburn,,,,,12,0.171,12,0.272,,,,,12,0.22,,,,,,
Nick Hundley,,,,,12,0.157,12,0.233,12,0.243,12,0.301,12,0.26,12,0.244,12,0.241,,
Scooter Gennett,,,,,,,7,0.324,7,0.289,7,0.264,7,0.263,7,0.295,7,0.31,,
Yasiel Puig,,,,,,,7,0.319,7,0.296,7,0.255,7,0.263,7,0.263,7,0.267,7,0.267
Troy Tulowitzki,,,,,,,13,0.312,13,0.34,13,0.28,13,0.254,13,0.249,,,,
Charlie Blackmon,,,,,,,9,0.309,9,0.288,9,0.287,9,0.324,9,0.331,9,0.291,9,0.314
Jose Iglesias,,,,,,,8,0.303,,,8,0.3,8,0.255,8,0.255,8,0.269,8,0.288
Victor Martinez,,,,,,,16,0.301,16,0.335,16,0.245,16,0.289,16,0.255,16,0.251,,
Dioner Navarro,,,,,,,13,0.3,13,0.274,,,13,0.207,,,,,,
Mike Carp,,,,,,,6,0.296,,,,,,,,,,,,
Jean Segura,,,,,,,8,0.294,8,0.246,8,0.257,8,0.319,8,0.3,8,0.304,8,0.28
Yan Gomes,,,,,,,8,0.294,8,0.278,8,0.231,8,0.167,8,0.232,8,0.266,8,0.223
JB Shuck,,,,,,,7,0.293,,,,,7,0.205,,,,,,
Wil Myers,,,,,,,7,0.293,7,0.222,7,0.253,7,0.259,7,0.243,7,0.253,7,0.239
Marlon Byrd,,,,,,,15,0.291,15,0.264,15,0.247,,,,,,,,
Christian Yelich,,,,,,,7,0.288,7,0.284,7,0.3,7,0.298,7,0.282,7,0.326,7,0.329
David Lough,,,,,,,5,0.286,,,,,,,,,,,,
Jordy Mercer,,,,,,,8,0.285,8,0.255,8,0.244,8,0.256,8,0.255,8,0.251,8,0.27
Junior Lake,,,,,,,4,0.284,4,0.211,,,,,,,,,,
Matt Adams,,,,,,,8,0.284,8,0.288,,,8,0.249,8,0.274,8,0.239,8,0.226
Carl Crawford,,,,,,,15,0.283,15,0.3,,,,,,,,,,
Avisail Garcia,,,,,,,8,0.283,,,8,0.257,8,0.245,8,0.33,8,0.236,8,0.282
Manny Machado,,,,,,,8,0.283,8,0.278,8,0.286,8,0.294,8,0.259,8,0.297,8,0.256
Starling Marte,,,,,,,8,0.28,8,0.291,8,0.287,8,0.311,8,0.275,8,0.277,8,0.295
Welington Castillo,,,,,,,10,0.274,10,0.237,10,0.237,10,0.264,10,0.282,,,10,0.209
Brett Gardner,,,,,,,12,0.273,12,0.256,12,0.259,12,0.261,12,0.264,12,0.236,12,0.251
Domonic Brown,,,,,,,6,0.272,6,0.235,,,,,,,,,,
Wilson Ramos,,,,,,,10,0.272,10,0.267,10,0.229,10,0.307,10,0.26,10,0.306,10,0.288
A.J. Pollock,,,,,,,8,0.269,8,0.302,8,0.315,,,8,0.266,8,0.257,8,0.266
Robbie Grossman,,,,,,,7,0.268,7,0.233,,,7,0.28,7,0.246,7,0.273,7,0.24
Endy Chavez,,,,,,,13,0.267,13,0.276,,,,,,,,,,
Nolan Arenado,,,,,,,7,0.267,7,0.287,7,0.287,7,0.294,7,0.309,7,0.297,7,0.315
Eric Sogard,,,,,,,9,0.266,9,0.223,9,0.247,,,9,0.273,,,9,0.29
Marcell Ozuna,,,,,,,7,0.265,7,0.269,7,0.259,7,0.266,7,0.312,7,0.28,7,0.241
Anthony Rendon,,,,,,,7,0.265,7,0.287,7,0.264,7,0.27,7,0.301,7,0.308,7,0.319
Brad Miller,,,,,,,7,0.265,7,0.221,7,0.258,7,0.243,7,0.201,7,0.248,,
Eduardo Nunez,,,,,,,10,0.26,10,0.25,,,10,0.288,10,0.313,10,0.265,,
Leonys Martin,,,,,,,9,0.26,9,0.274,9,0.219,9,0.247,,,9,0.255,9,0.199
Ed Lucas,,,,,,,2,0.256,,,,,,,,,,,,
Nick Punto,,,,,,,14,0.255,,,,,,,,,,,,
Didi Gregorius,,,,,,,8,0.252,8,0.226,8,0.265,8,0.276,8,0.287,8,0.268,8,0.238
Adam Eaton,,,,,,,8,0.252,8,0.3,8,0.287,8,0.284,,,8,0.301,8,0.279
Oswaldo Arcia,,,,,,,4,0.251,4,0.231,,,4,0.203,,,,,,
Hank Conger,,,,,,,7,0.249,7,0.221,7,0.229,,,,,,,,
Jose Lobaton,,,,,,,9,0.249,9,0.234,,,,,,,,,,
Eric Young Jr.,,,,,,,10,0.249,10,0.229,,,,,,,,,,
Jedd Gyorko,,,,,,,7,0.249,7,0.21,7,0.247,7,0.243,7,0.272,7,0.262,,
Andrelton Simmons,,,,,,,8,0.248,8,0.244,8,0.265,8,0.281,8,0.278,8,0.292,8,0.264
Darin Ruf,,,,,,,5,0.247,,,5,0.235,,,,,,,,
Conor Gillaspie,,,,,,,8,0.245,8,0.282,8,0.228,,,,,,,,
Xavier Paul,,,,,,,6,0.244,,,,,,,,,,,,
Kyle Blanks,,,,,,,7,0.243,,,,,,,,,,,,
Jonathan Villar,,,,,,,7,0.243,7,0.209,,,7,0.285,7,0.241,7,0.26,7,0.274
Evan Gattis,,,,,,,6,0.243,6,0.263,6,0.246,6,0.251,6,0.263,6,0.226,,
Ronny Cedeno,,,,,,,10,0.242,,,,,,,,,,,,
Juan Lagares,,,,,,,7,0.242,7,0.281,7,0.259,,,7,0.25,,,7,0.213
Matt Dominguez,,,,,,,5,0.241,5,0.215,,,,,,,,,,
Lyle Overbay,,,,,,,14,0.24,14,0.233,,,,,,,,,,
Brandon Barnes,,,,,,,6,0.24,6,0.257,6,0.251,,,,,,,,
Devin Mesoraco,,,,,,,8,0.238,8,0.273,,,,,,,8,0.221,,
Jeff Bianchi,,,,,,,4,0.237,,,,,,,,,,,,
Jayson Nix,,,,,,,7,0.236,,,,,,,,,,,,
Mark DeRosa,,,,,,,16,0.235,,,,,,,,,,,,
Kevin Frandsen,,,,,,,9,0.234,9,0.259,,,,,,,,,,
Freddy Galvis,,,,,,,8,0.234,,,8,0.263,8,0.241,8,0.255,8,0.248,8,0.26
Jurickson Profar,,,,,,,6,0.234,,,,,6,0.239,,,6,0.254,6,0.218
Munenori Kawasaki,,,,,,,5,0.229,5,0.258,,,,,,,,,,
Chris Parmelee,,,,,,,6,0.228,6,0.256,,,,,,,,,,
Juan Francisco,,,,,,,6,0.227,6,0.22,,,,,,,,,,
Adeiny Hechavarria,,,,,,,8,0.227,8,0.276,8,0.281,8,0.236,8,0.261,8,0.247,8,0.241
Lonnie Chisenhall,,,,,,,8,0.225,8,0.28,8,0.246,8,0.286,8,0.288,,,,
Nick Franklin,,,,,,,6,0.225,,,,,,,,,,,,
Ryan Flaherty,,,,,,,8,0.224,8,0.221,8,0.202,,,,,,,,
Omar Quintanilla,,,,,,,9,0.222,,,,,,,,,,,,
Don Kelly,,,,,,,9,0.222,,,,,,,,,,,,
Pedro Florimon,,,,,,,8,0.221,,,,,,,,,,,,
Chris Getz,,,,,,,7,0.22,,,,,,,,,,,,
Pete Kozma,,,,,,,7,0.217,,,,,,,,,,,,
Travis Snider,,,,,,,8,0.215,8,0.264,8,0.232,,,,,,,,
Clete Thomas,,,,,,,4,0.214,,,,,,,,,,,,
Derek Dietrich,,,,,,,7,0.214,,,7,0.256,7,0.279,7,0.249,7,0.265,7,0.187
Chris Stewart,,,,,,,12,0.211,,,,,,,,,,,,
Logan Schafer,,,,,,,6,0.211,,,,,,,,,,,,
Rob Brantly,,,,,,,5,0.211,,,,,,,,,,,,
Josh Phegley,,,,,,,7,0.206,,,7,0.249,,,,,,,7,0.239
Jason Bay,,,,,,,11,0.204,,,,,,,,,,,,
Tyler Flowers,,,,,,,11,0.195,11,0.241,11,0.239,11,0.27,11,0.281,11,0.227,11,0.229
Aaron Hicks,,,,,,,7,0.192,,,7,0.256,7,0.217,7,0.266,7,0.248,7,0.235
Justin Turner,,,,,,,,,11,0.34,11,0.294,11,0.275,11,0.322,11,0.312,11,0.29
Danny Santana,,,,,,,,,6,0.319,6,0.215,6,0.24,,,,,6,0.283
Jose Abreu,,,,,,,,,6,0.317,6,0.29,6,0.293,6,0.304,6,0.265,6,0.284
Corey Dickerson,,,,,,,,,7,0.312,7,0.304,7,0.245,7,0.282,7,0.3,7,0.304
Joe Panik,,,,,,,,,6,0.305,6,0.312,6,0.239,6,0.288,6,0.254,6,0.244
Scott Van Slyke,,,,,,,,,6,0.297,6,0.239,,,,,,,,
Steve Pearce,,,,,,,,,13,0.293,13,0.218,13,0.288,13,0.252,13,0.284,,
David Peralta,,,,,,,,,6,0.286,6,0.312,,,6,0.293,6,0.293,6,0.275
Chris Coghlan,,,,,,,,,9,0.283,9,0.25,9,0.188,,,,,,
Brock Holt,,,,,,,,,8,0.281,8,0.28,8,0.255,,,8,0.277,8,0.297
Stephen Vogt,,,,,,,,,7,0.279,7,0.261,7,0.251,7,0.233,,,7,0.263
Ender Inciarte,,,,,,,,,6,0.278,6,0.303,6,0.291,6,0.304,6,0.265,,
Eduardo Escobar,,,,,,,,,9,0.275,9,0.262,9,0.236,9,0.254,9,0.272,9,0.269
Kennys Vargas,,,,,,,,,4,0.274,,,,,4,0.253,,,,
Kole Calhoun,,,,,,,,,8,0.272,8,0.256,8,0.271,8,0.244,8,0.208,8,0.232
Brandon Guyer,,,,,,,,,7,0.266,7,0.265,7,0.266,,,,,,
Jeff Baker,,,,,,,,,11,0.264,,,,,,,,,,
Kevin Kiermaier,,,,,,,,,7,0.263,7,0.263,7,0.246,7,0.276,7,0.217,7,0.228
Jose Ramirez,,,,,,,,,7,0.262,7,0.219,7,0.312,7,0.318,7,0.27,7,0.255
Chris Owings,,,,,,,,,7,0.261,7,0.227,7,0.277,7,0.268,7,0.206,,
Yangervis Solarte,,,,,,,,,6,0.26,6,0.27,6,0.286,6,0.255,6,0.226,,
Nick Castellanos,,,,,,,,,7,0.259,7,0.255,7,0.285,7,0.272,7,0.298,7,0.289
Rougned Odor,,,,,,,,,6,0.259,6,0.261,6,0.271,6,0.204,6,0.253,6,0.205
Danny Valencia,,,,,,,,,9,0.258,9,0.29,9,0.287,9,0.256,9,0.263,,
C.J. Cron,,,,,,,,,6,0.256,6,0.262,6,0.278,6,0.248,6,0.253,6,0.253
Rene Rivera,,,,,,,,,11,0.252,11,0.178,,,11,0.252,,,,
Cody Asche,,,,,,,,,5,0.252,5,0.245,,,,,,,,
Wilmer Flores,,,,,,,,,7,0.251,7,0.263,7,0.267,7,0.271,7,0.267,7,0.317
Tommy La Stella,,,,,,,,,6,0.251,,,,,,,,,6,0.295
Collin Cowgill,,,,,,,,,6,0.25,,,,,,,,,,
James Jones,,,,,,,,,2,0.25,,,,,,,,,,
Billy Hamilton,,,,,,,,,7,0.25,7,0.226,7,0.26,7,0.247,7,0.236,7,0.218
Jake Marisnick,,,,,,,,,7,0.249,7,0.236,7,0.209,7,0.243,7,0.211,7,0.233
Kolten Wong,,,,,,,,,7,0.249,7,0.262,7,0.24,7,0.285,7,0.249,7,0.285
Khris Davis,,,,,,,,,7,0.244,7,0.247,7,0.247,7,0.247,7,0.247,7,0.22
Travis d'Arnaud,,,,,,,,,7,0.242,7,0.268,7,0.247,7,0.244,,,7,0.251
Eugenio Suarez,,,,,,,,,6,0.242,6,0.28,6,0.248,6,0.26,6,0.283,6,0.271
Xander Bogaerts,,,,,,,,,7,0.24,7,0.32,7,0.294,7,0.273,7,0.288,7,0.309
Sam Fuld,,,,,,,,,8,0.239,8,0.197,,,,,,,,
Robinson Chirinos,,,,,,,,,8,0.239,8,0.232,,,8,0.255,8,0.222,8,0.238
Oscar Taveras,,,,,,,,,1,0.239,,,,,,,,,,
Gregory Polanco,,,,,,,,,6,0.235,6,0.256,6,0.258,6,0.251,6,0.254,,
Marcus Semien,,,,,,,,,7,0.234,7,0.257,7,0.238,7,0.249,7,0.255,7,0.285
Grady Sizemore,,,,,,,,,10,0.233,10,0.253,,,,,,,,
Tommy Medica,,,,,,,,,2,0.233,,,,,,,,,,
Peter Bourjos,,,,,,,,,10,0.231,,,10,0.251,,,,,,
George Springer,,,,,,,,,6,0.231,6,0.276,6,0.261,6,0.283,6,0.265,6,0.292
Abraham Almonte,,,,,,,,,7,0.23,7,0.25,,,,,,,,
Chris Colabello,,,,,,,,,4,0.229,4,0.321,,,,,,,,
Andrew Romine,,,,,,,,,9,0.227,,,,,9,0.233,,,,
Anthony Gose,,,,,,,,,5,0.226,5,0.254,,,,,,,,
Yasmani Grandal,,,,,,,,,8,0.225,8,0.234,8,0.228,8,0.247,8,0.241,8,0.246
Jonathan Schoop,,,,,,,,,7,0.209,7,0.279,7,0.267,7,0.293,7,0.233,7,0.256
Caleb Joseph,,,,,,,,,6,0.207,6,0.234,,,6,0.256,6,0.219,,
Arismendy Alcantara,,,,,,,,,4,0.205,,,,,,,,,,
Mike Zunino,,,,,,,,,7,0.199,7,0.174,,,7,0.251,7,0.201,7,0.165
Jackie Bradley Jr.,,,,,,,,,7,0.198,7,0.249,7,0.267,7,0.245,7,0.234,7,0.225
Charlie Culberson,,,,,,,,,7,0.195,,,,,,,7,0.27,,
Michael Choice,,,,,,,,,3,0.182,,,,,,,,,,
Javier Baez,,,,,,,,,6,0.169,,,6,0.273,6,0.273,6,0.29,6,0.281
Jonathan Singleton,,,,,,,,,2,0.168,,,,,,,,,,
Brandon Hicks,,,,,,,,,4,0.162,,,,,,,,,,
Mike Olt,,,,,,,,,3,0.16,,,,,,,,,,
Francisco Lindor,,,,,,,,,,,5,0.313,5,0.301,5,0.273,5,0.277,5,0.284
Enrique Hernandez,,,,,,,,,,,6,0.307,6,0.19,6,0.215,6,0.256,6,0.237
Stephen Piscotty,,,,,,,,,,,5,0.305,5,0.273,5,0.235,5,0.267,5,0.249
Devon Travis,,,,,,,,,,,4,0.304,4,0.3,,,4,0.232,,
Odubel Herrera,,,,,,,,,,,5,0.297,5,0.286,5,0.281,5,0.255,,
Francisco Cervelli,,,,,,,,,,,12,0.295,12,0.264,12,0.249,12,0.259,,
Matt Duffy,,,,,,,,,,,5,0.295,5,0.258,,,5,0.294,,
Billy Burns,,,,,,,,,,,4,0.294,4,0.235,,,,,,
Andres Blanco,,,,,,,,,,,10,0.292,,,,,,,,
Mookie Betts,,,,,,,,,,,6,0.291,6,0.318,6,0.264,6,0.346,6,0.295
Jung Ho Kang,,,,,,,,,,,4,0.287,4,0.255,,,,,,
Ketel Marte,,,,,,,,,,,5,0.283,5,0.259,5,0.26,5,0.26,5,0.329
Maikel Franco,,,,,,,,,,,6,0.28,6,0.255,6,0.23,6,0.27,6,0.234
Carlos Correa,,,,,,,,,,,5,0.279,5,0.274,5,0.315,5,0.239,5,0.279
Kevin Pillar,,,,,,,,,,,7,0.278,7,0.266,7,0.256,7,0.252,7,0.259
Ben Paulsen,,,,,,,,,,,3,0.277,,,,,,,,
Joey Butler,,,,,,,,,,,3,0.276,,,,,,,,
Randal Grichuk,,,,,,,,,,,6,0.276,6,0.24,6,0.238,6,0.245,6,0.232
Jimmy Paredes,,,,,,,,,,,6,0.275,,,,,,,,
Kris Bryant,,,,,,,,,,,5,0.275,5,0.292,5,0.295,5,0.272,5,0.282
Blake Swihart,,,,,,,,,,,5,0.274,,,,,,,,
Travis Shaw,,,,,,,,,,,5,0.274,5,0.242,5,0.273,5,0.241,5,0.157
Yasmany Tomas,,,,,,,,,,,4,0.273,4,0.272,,,,,,
Clint Robinson,,,,,,,,,,,4,0.272,,,,,,,,
Johnny Giavotella,,,,,,,,,,,7,0.272,7,0.26,,,,,,
Cesar Hernandez,,,,,,,,,,,7,0.272,7,0.294,7,0.294,7,0.253,7,0.279
Cory Spangenberg,,,,,,,,,,,6,0.271,,,6,0.264,6,0.235,,
Miguel Sano,,,,,,,,,,,5,0.269,5,0.236,5,0.264,5,0.199,5,0.247
Eddie Rosario,,,,,,,,,,,5,0.267,5,0.269,5,0.29,5,0.288,5,0.276
James McCann,,,,,,,,,,,6,0.264,6,0.221,6,0.253,6,0.22,6,0.273
Jake Lamb,,,,,,,,,,,6,0.263,6,0.249,6,0.248,6,0.222,,
Justin Bour,,,,,,,,,,,6,0.262,6,0.264,6,0.289,6,0.227,,
Jorge Soler,,,,,,,,,,,6,0.262,6,0.238,,,6,0.265,6,0.265
Shane Peterson,,,,,,,,,,,3,0.259,,,,,,,,
J.T. Realmuto,,,,,,,,,,,6,0.259,6,0.303,6,0.278,6,0.277,6,0.275
Mark Canha,,,,,,,,,,,5,0.254,,,,,5,0.249,5,0.273
Rusney Castillo,,,,,,,,,,,3,0.253,,,,,,,,
Tucker Barnhart,,,,,,,,,,,6,0.252,6,0.257,6,0.27,6,0.248,6,0.231
Carlos Pérez,,,,,,,,,,,4,0.25,4,0.209,,,,,,
Ryan Goins,,,,,,,,,,,7,0.25,,,7,0.237,,,,
Paulo Orlando,,,,,,,,,,,4,0.249,4,0.302,,,,,,
Kyle Schwarber,,,,,,,,,,,5,0.246,,,5,0.211,5,0.238,5,0.25
Ivan De Jesus Jr.,,,,,,,,,,,4,0.244,4,0.253,,,,,,
Hernan Perez,,,,,,,,,,,8,0.243,8,0.272,8,0.259,8,0.253,8,0.228
Preston Tucker,,,,,,,,,,,3,0.243,,,,,,,,
Elian Herrera,,,,,,,,,,,4,0.242,,,,,,,,
Addison Russell,,,,,,,,,,,5,0.242,5,0.238,5,0.239,5,0.25,5,0.237
Jace Peterson,,,,,,,,,,,6,0.239,6,0.254,,,6,0.2,,
Cameron Rupp,,,,,,,,,,,5,0.233,5,0.252,5,0.217,,,,
Alex Guerrero,,,,,,,,,,,2,0.233,,,,,,,,
Michael Taylor,,,,,,,,,,,6,0.229,6,0.231,6,0.271,6,0.227,,
Nick Ahmed,,,,,,,,,,,6,0.226,6,0.218,,,6,0.234,6,0.254
Steven Souza Jr.,,,,,,,,,,,5,0.225,5,0.247,5,0.239,5,0.22,,
Tyler Saladino,,,,,,,,,,,5,0.225,5,0.282,5,0.178,,,,
Gio Urshela,,,,,,,,,,,4,0.225,,,,,,,4,0.314
Yolmer Sanchez,,,,,,,,,,,6,0.224,,,6,0.267,6,0.242,6,0.252
Tim Beckham,,,,,,,,,,,6,0.222,,,6,0.278,6,0.23,6,0.237
Kevin Plawecki,,,,,,,,,,,5,0.219,,,,,5,0.21,,
Joc Pederson,,,,,,,,,,,6,0.21,6,0.246,6,0.212,6,0.248,6,0.249
Trea Turner,,,,,,,,,,,,,5,0.342,5,0.284,5,0.271,5,0.298
Jose Peraza,,,,,,,,,,,,,5,0.324,5,0.259,5,0.288,5,0.239
David Dahl,,,,,,,,,,,,,3,0.315,,,3,0.273,3,0.302
Sandy Leon,,,,,,,,,,,,,8,0.31,8,0.225,8,0.177,,
Corey Seager,,,,,,,,,,,,,5,0.308,5,0.295,,,5,0.272
Ryon Healy,,,,,,,,,,,,,4,0.305,4,0.271,4,0.235,,
Hyun Soo Kim,,,,,,,,,,,,,2,0.302,2,0.231,,,,
Aledmys Diaz,,,,,,,,,,,,,4,0.3,4,0.259,4,0.263,4,0.271
Gary Sanchez,,,,,,,,,,,,,5,0.299,5,0.278,5,0.186,5,0.232
Tyler Naquin,,,,,,,,,,,,,4,0.296,,,,,4,0.288
Whit Merrifield,,,,,,,,,,,,,4,0.283,4,0.288,4,0.304,4,0.302
Tim Anderson,,,,,,,,,,,,,4,0.283,4,0.257,4,0.24,4,0.335
Brandon Drury,,,,,,,,,,,,,5,0.282,5,0.267,,,5,0.218
Jorge Polanco,,,,,,,,,,,,,6,0.282,6,0.256,6,0.288,6,0.295
Willson Contreras,,,,,,,,,,,,,4,0.282,4,0.276,4,0.249,4,0.272
Phil Gosselin,,,,,,,,,,,,,7,0.277,,,,,,
Greg Garcia,,,,,,,,,,,,,6,0.276,6,0.253,,,6,0.248
Cheslor Cuthbert,,,,,,,,,,,,,5,0.274,,,,,5,0.246
Adonis Garcia,,,,,,,,,,,,,3,0.273,,,,,,
Trevor Story,,,,,,,,,,,,,4,0.272,4,0.239,4,0.291,4,0.294
Joey Rickard,,,,,,,,,,,,,4,0.268,4,0.241,4,0.244,,
Nomar Mazara,,,,,,,,,,,,,4,0.266,4,0.253,4,0.258,4,0.268
Scott Schebler,,,,,,,,,,,,,5,0.265,5,0.233,5,0.255,,
Alex Bregman,,,,,,,,,,,,,4,0.264,4,0.284,4,0.286,4,0.296
Tony Wolters,,,,,,,,,,,,,4,0.259,4,0.24,,,4,0.262
Ryan Rua,,,,,,,,,,,,,5,0.258,,,,,,
Tommy Joseph,,,,,,,,,,,,,2,0.257,2,0.24,,,,
Alex Dickerson,,,,,,,,,,,,,3,0.257,,,,,,
Domingo Santana,,,,,,,,,,,,,6,0.256,6,0.278,6,0.265,6,0.253
Dae-Ho Lee,,,,,,,,,,,,,1,0.253,,,,,,
Jefry Marte,,,,,,,,,,,,,4,0.252,,,,,,
Ezequiel Carrera,,,,,,,,,,,,,7,0.248,7,0.282,,,,
Franklin Gutierrez,,,,,,,,,,,,,12,0.246,,,,,,
Gregorio Petit,,,,,,,,,,,,,6,0.245,,,,,,
Chase d'Arnaud,,,,,,,,,,,,,7,0.245,,,,,,
Travis Jankowski,,,,,,,,,,,,,5,0.245,,,5,0.259,,
Keon Broxton,,,,,,,,,,,,,5,0.242,5,0.22,,,5,0.167
Adam Duvall,,,,,,,,,,,,,6,0.241,6,0.249,6,0.195,,
Jake Smolinski,,,,,,,,,,,,,5,0.238,,,,,,
Bobby Wilson,,,,,,,,,,,,,10,0.237,,,,,,
Max Kepler,,,,,,,,,,,,,5,0.235,5,0.243,5,0.224,5,0.252
Jett Bandy,,,,,,,,,,,,,4,0.234,,,,,,
Adam Rosales,,,,,,,,,,,,,11,0.229,11,0.225,,,,
Shawn O'Malley,,,,,,,,,,,,,3,0.229,,,,,,
Trayce Thompson,,,,,,,,,,,,,4,0.225,,,,,,
Byron Buxton,,,,,,,,,,,,,5,0.225,5,0.253,,,5,0.262
Nolan Reimold,,,,,,,,,,,,,8,0.222,,,,,,
Michael Conforto,,,,,,,,,,,,,5,0.22,5,0.279,5,0.243,5,0.257
Orlando Arcia,,,,,,,,,,,,,4,0.219,4,0.277,4,0.236,4,0.223
Cristhian Adames,,,,,,,,,,,,,5,0.218,,,,,,
Ryan Schimpf,,,,,,,,,,,,,3,0.217,,,,,,
Tyler White,,,,,,,,,,,,,4,0.217,,,4,0.276,4,0.208
Ramon Flores,,,,,,,,,,,,,3,0.205,,,,,,
Tyler Goeddel,,,,,,,,,,,,,1,0.192,,,,,,
ByungHo Park,,,,,,,,,,,,,1,0.191,,,,,,
Curt Casali,,,,,,,,,,,,,6,0.186,,,,,6,0.251
Jose Martinez,,,,,,,,,,,,,,,4,0.309,4,0.305,4,0.269
Tommy Pham,,,,,,,,,,,,,,,6,0.306,6,0.275,6,0.273
Johan Camargo,,,,,,,,,,,,,,,3,0.299,3,0.272,3,0.233
Yuli Gurriel,,,,,,,,,,,,,,,4,0.299,4,0.291,4,0.298
Albert Almora Jr.,,,,,,,,,,,,,,,4,0.298,4,0.286,4,0.236
Trey Mancini,,,,,,,,,,,,,,,4,0.293,4,0.242,4,0.291
Ronald Torreyes,,,,,,,,,,,,,,,5,0.292,,,,
Miguel Rojas,,,,,,,,,,,,,,,6,0.29,6,0.252,6,0.284
Christian Vazquez,,,,,,,,,,,,,,,5,0.29,5,0.207,5,0.276
T.J. Rivera,,,,,,,,,,,,,,,2,0.29,,,,
Austin Barnes,,,,,,,,,,,,,,,5,0.289,,,5,0.203
Jose Pirela,,,,,,,,,,,,,,,6,0.288,6,0.249,,
Chris Taylor,,,,,,,,,,,,,,,6,0.288,6,0.254,6,0.262
Nick Williams,,,,,,,,,,,,,,,3,0.288,3,0.256,,
Ozzie Albies,,,,,,,,,,,,,,,3,0.286,3,0.261,3,0.295
Paul DeJong,,,,,,,,,,,,,,,3,0.285,3,0.241,3,0.233
Aaron Judge,,,,,,,,,,,,,,,4,0.284,4,0.278,4,0.272
Rafael Devers,,,,,,,,,,,,,,,3,0.284,3,0.24,3,0.311
Kevan Smith,,,,,,,,,,,,,,,4,0.283,,,,
Mitch Haniger,,,,,,,,,,,,,,,4,0.282,4,0.285,4,0.22
Manny Pina,,,,,,,,,,,,,,,6,0.279,6,0.252,,
Omar Narvaez,,,,,,,,,,,,,,,4,0.277,4,0.275,4,0.278
Mikie Mahtook,,,,,,,,,,,,,,,5,0.276,5,0.202,,
Adam Frazier,,,,,,,,,,,,,,,4,0.276,4,0.277,4,0.278
Ben Gamel,,,,,,,,,,,,,,,4,0.275,4,0.272,4,0.248
Aaron Altherr,,,,,,,,,,,,,,,6,0.272,6,0.181,,
Wilmer Difo,,,,,,,,,,,,,,,5,0.271,5,0.23,,
Andrew Benintendi,,,,,,,,,,,,,,,4,0.271,4,0.29,4,0.266
Leury Garcia,,,,,,,,,,,,,,,7,0.27,7,0.271,7,0.279
Mallex Smith,,,,,,,,,,,,,,,4,0.27,4,0.296,4,0.227
Carlos Asuaje,,,,,,,,,,,,,,,3,0.27,,,,
Cody Bellinger,,,,,,,,,,,,,,,3,0.267,3,0.26,3,0.305
Jesus Aguilar,,,,,,,,,,,,,,,6,0.265,6,0.274,6,0.236
Manuel Margot,,,,,,,,,,,,,,,4,0.263,4,0.245,4,0.234
Gorkys Hernandez,,,,,,,,,,,,,,,6,0.255,6,0.234,,
Jorge Bonifacio,,,,,,,,,,,,,,,3,0.255,3,0.225,,
Josh Bell,,,,,,,,,,,,,,,4,0.255,4,0.261,4,0.277
Ian Happ,,,,,,,,,,,,,,,3,0.253,3,0.233,,
Brian Goodwin,,,,,,,,,,,,,,,4,0.251,,,4,0.262
JT Riddle,,,,,,,,,,,,,,,3,0.25,3,0.231,,
Guillermo Heredia,,,,,,,,,,,,,,,4,0.249,4,0.236,4,0.225
Bradley Zimmer,,,,,,,,,,,,,,,3,0.241,,,,
Chad Pinder,,,,,,,,,,,,,,,4,0.238,4,0.258,4,0.24
Bruce Maxwell,,,,,,,,,,,,,,,3,0.237,,,,
Matt Chapman,,,,,,,,,,,,,,,3,0.234,3,0.278,3,0.249
Jose Osuna,,,,,,,,,,,,,,,3,0.233,,,3,0.264
Dansby Swanson,,,,,,,,,,,,,,,4,0.232,4,0.238,4,0.251
Hunter Renfroe,,,,,,,,,,,,,,,4,0.231,4,0.248,4,0.216
Alen Hanson,,,,,,,,,,,,,,,4,0.221,4,0.252,,
Matt Davidson,,,,,,,,,,,,,,,4,0.22,4,0.228,,
Austin Romine,,,,,,,,,,,,,,,8,0.218,8,0.244,8,0.281
Austin Hedges,,,,,,,,,,,,,,,5,0.214,5,0.231,5,0.176
Joey Gallo,,,,,,,,,,,,,,,5,0.209,5,0.206,5,0.253
Allen Cordoba,,,,,,,,,,,,,,,1,0.208,,,,
Roberto Perez,,,,,,,,,,,,,,,6,0.207,,,6,0.239
Daniel Robertson,,,,,,,,,,,,,,,3,0.206,3,0.262,3,0.213
Taylor Motter,,,,,,,,,,,,,,,3,0.198,,,,
Chris Herrmann,,,,,,,,,,,,,,,8,0.181,,,,
Adam Engel,,,,,,,,,,,,,,,3,0.166,3,0.235,3,0.242
Jeff McNeil,,,,,,,,,,,,,,,,,2,0.329,2,0.318
Joey Wendle,,,,,,,,,,,,,,,,,4,0.3,4,0.231
Jesse Winker,,,,,,,,,,,,,,,,,3,0.299,3,0.269
Miguel Andujar,,,,,,,,,,,,,,,,,3,0.297,,
Ronald Acuna Jr.,,,,,,,,,,,,,,,,,2,0.293,2,0.28
Juan Soto,,,,,,,,,,,,,,,,,2,0.292,2,0.282
Elias Diaz,,,,,,,,,,,,,,,,,5,0.286,5,0.241
Shohei Ohtani,,,,,,,,,,,,,,,,,2,0.285,2,0.286
Lourdes Gurriel Jr.,,,,,,,,,,,,,,,,,2,0.281,2,0.277
Franmil Reyes,,,,,,,,,,,,,,,,,2,0.28,2,0.249
Willy Adames,,,,,,,,,,,,,,,,,2,0.278,2,0.254
Colin Moran,,,,,,,,,,,,,,,,,4,0.277,4,0.277
Adalberto Mondesi,,,,,,,,,,,,,,,,,5,0.276,5,0.263
Yairo Munoz,,,,,,,,,,,,,,,,,2,0.276,,
David Fletcher,,,,,,,,,,,,,,,,,2,0.275,2,0.29
Brian Anderson,,,,,,,,,,,,,,,,,3,0.273,3,0.261
Gleyber Torres,,,,,,,,,,,,,,,,,2,0.271,2,0.278
Mitch Garver,,,,,,,,,,,,,,,,,3,0.268,3,0.273
Jake Cave,,,,,,,,,,,,,,,,,2,0.265,,
Harrison Bader,,,,,,,,,,,,,,,,,3,0.264,3,0.205
Brandon Nimmo,,,,,,,,,,,,,,,,,4,0.263,,
Max Muncy,,,,,,,,,,,,,,,,,4,0.263,4,0.251
Tony Kemp,,,,,,,,,,,,,,,,,4,0.263,4,0.212
Jorge Alfaro,,,,,,,,,,,,,,,,,4,0.262,4,0.262
Isiah Kiner-Falefa,,,,,,,,,,,,,,,,,2,0.261,2,0.238
John Hicks,,,,,,,,,,,,,,,,,5,0.26,5,0.21
Renato Nunez,,,,,,,,,,,,,,,,,4,0.258,4,0.244
Greg Allen,,,,,,,,,,,,,,,,,3,0.257,3,0.229
Amed Rosario,,,,,,,,,,,,,,,,,3,0.256,3,0.287
Phillip Ervin,,,,,,,,,,,,,,,,,3,0.252,3,0.271
Ehire Adrianza,,,,,,,,,,,,,,,,,7,0.251,7,0.272
Luke Maile,,,,,,,,,,,,,,,,,5,0.248,,
Matt Olson,,,,,,,,,,,,,,,,,4,0.247,4,0.267
Rhys Hoskins,,,,,,,,,,,,,,,,,3,0.246,3,0.226
Niko Goodrum,,,,,,,,,,,,,,,,,3,0.245,3,0.248
Daniel Palka,,,,,,,,,,,,,,,,,2,0.24,,
Teoscar Hernandez,,,,,,,,,,,,,,,,,4,0.239,4,0.23
Erik Kratz,,,,,,,,,,,,,,,,,10,0.236,,
Christian Villanueva,,,,,,,,,,,,,,,,,2,0.236,,
Ronald Guzman,,,,,,,,,,,,,,,,,2,0.235,2,0.219
Yoan Moncada,,,,,,,,,,,,,,,,,4,0.235,4,0.315
Rosell Herrera,,,,,,,,,,,,,,,,,2,0.234,,
Tyler Austin,,,,,,,,,,,,,,,,,4,0.23,,
Hunter Dozier,,,,,,,,,,,,,,,,,3,0.229,3,0.279
Max Stassi,,,,,,,,,,,,,,,,,7,0.226,,
Scott Kingery,,,,,,,,,,,,,,,,,2,0.226,2,0.258
Jeimer Candelario,,,,,,,,,,,,,,,,,4,0.224,4,0.203
Johnny Field,,,,,,,,,,,,,,,,,1,0.222,,
Victor Reyes,,,,,,,,,,,,,,,,,2,0.222,2,0.304
Nicky Delmonico,,,,,,,,,,,,,,,,,3,0.215,,
JaCoby Jones,,,,,,,,,,,,,,,,,4,0.207,4,0.235
Dixon Machado,,,,,,,,,,,,,,,,,4,0.206,,
John Ryan Murphy,,,,,,,,,,,,,,,,,7,0.202,,
Jake Bauers,,,,,,,,,,,,,,,,,2,0.201,2,0.226
Greg Bird,,,,,,,,,,,,,,,,,4,0.199,,
Lewis Brinson,,,,,,,,,,,,,,,,,3,0.199,3,0.173
Luis Arraez,,,,,,,,,,,,,,,,,,,1,0.334
Fernando Tatis Jr.,,,,,,,,,,,,,,,,,,,1,0.317
Bryan Reynolds,,,,,,,,,,,,,,,,,,,1,0.314
Yordan Alvarez,,,,,,,,,,,,,,,,,,,1,0.313
Kevin Newman,,,,,,,,,,,,,,,,,,,2,0.308
J.D. Davis,,,,,,,,,,,,,,,,,,,3,0.307
Hanser Alberto,,,,,,,,,,,,,,,,,,,4,0.305
Tommy Edman,,,,,,,,,,,,,,,,,,,1,0.304
Keston Hiura,,,,,,,,,,,,,,,,,,,1,0.303
Alex Verdugo,,,,,,,,,,,,,,,,,,,3,0.294
Harold Castro,,,,,,,,,,,,,,,,,,,2,0.291
Austin Meadows,,,,,,,,,,,,,,,,,,,2,0.291
Ramon Laureano,,,,,,,,,,,,,,,,,,,2,0.288
Garrett Cooper,,,,,,,,,,,,,,,,,,,3,0.281
Mike Tauchman,,,,,,,,,,,,,,,,,,,3,0.277
Harold Ramirez,,,,,,,,,,,,,,,,,,,1,0.276
Jordan Luplow,,,,,,,,,,,,,,,,,,,3,0.276
Raimel Tapia,,,,,,,,,,,,,,,,,,,4,0.275
Jon Berti,,,,,,,,,,,,,,,,,,,2,0.273
Tom Murphy,,,,,,,,,,,,,,,,,,,5,0.273
Mike Yastrzemski,,,,,,,,,,,,,,,,,,,1,0.272
Vladimir Guerrero Jr.,,,,,,,,,,,,,,,,,,,1,0.272
Brandon Lowe,,,,,,,,,,,,,,,,,,,2,0.27
Austin Nola,,,,,,,,,,,,,,,,,,,1,0.269
Ildemaro Vargas,,,,,,,,,,,,,,,,,,,3,0.269
Oscar Mercado,,,,,,,,,,,,,,,,,,,1,0.269
Willie Calhoun,,,,,,,,,,,,,,,,,,,3,0.269
Clint Frazier,,,,,,,,,,,,,,,,,,,3,0.267
Yandy Diaz,,,,,,,,,,,,,,,,,,,3,0.267
Eloy Jimenez,,,,,,,,,,,,,,,,,,,1,0.267
Victor Caratini,,,,,,,,,,,,,,,,,,,3,0.266
Adam Haseley,,,,,,,,,,,,,,,,,,,1,0.266
Francisco Mejia,,,,,,,,,,,,,,,,,,,3,0.265
Matt Beaty,,,,,,,,,,,,,,,,,,,1,0.265
Luke Voit,,,,,,,,,,,,,,,,,,,3,0.263
Ji-Man Choi,,,,,,,,,,,,,,,,,,,4,0.261
Anthony Santander,,,,,,,,,,,,,,,,,,,3,0.261
Pete Alonso,,,,,,,,,,,,,,,,,,,1,0.26
Christian Walker,,,,,,,,,,,,,,,,,,,5,0.259
Aristides Aquino,,,,,,,,,,,,,,,,,,,2,0.259
David Bote,,,,,,,,,,,,,,,,,,,2,0.257
Nick Senzel,,,,,,,,,,,,,,,,,,,1,0.256
Victor Robles,,,,,,,,,,,,,,,,,,,3,0.255
Michael Chavis,,,,,,,,,,,,,,,,,,,1,0.254
Ryan McMahon,,,,,,,,,,,,,,,,,,,3,0.25
Tim Locastro,,,,,,,,,,,,,,,,,,,3,0.25
Pedro Severino,,,,,,,,,,,,,,,,,,,5,0.249
Josh Naylor,,,,,,,,,,,,,,,,,,,1,0.249
Brandon Dixon,,,,,,,,,,,,,,,,,,,2,0.248
Garrett Hampson,,,,,,,,,,,,,,,,,,,2,0.247
Carson Kelly,,,,,,,,,,,,,,,,,,,4,0.245
Dawel Lugo,,,,,,,,,,,,,,,,,,,2,0.245
Dwight Smith Jr.,,,,,,,,,,,,,,,,,,,3,0.241
Nicky Lopez,,,,,,,,,,,,,,,,,,,1,0.24
Luis Rengifo,,,,,,,,,,,,,,,,,,,1,0.238
Josh VanMeter,,,,,,,,,,,,,,,,,,,1,0.237
Steven Duggar,,,,,,,,,,,,,,,,,,,2,0.234
Cavan Biggio,,,,,,,,,,,,,,,,,,,1,0.234
Christin Stewart,,,,,,,,,,,,,,,,,,,2,0.233
Rio Ruiz,,,,,,,,,,,,,,,,,,,4,0.232
Rowdy Tellez,,,,,,,,,,,,,,,,,,,2,0.227
J.P. Crawford,,,,,,,,,,,,,,,,,,,3,0.226
Austin Riley,,,,,,,,,,,,,,,,,,,1,0.226
Stevie Wilkerson,,,,,,,,,,,,,,,,,,,2,0.225
Luis Urias,,,,,,,,,,,,,,,,,,,2,0.223
Ronny Rodriguez,,,,,,,,,,,,,,,,,,,2,0.221
Ryan Cordell,,,,,,,,,,,,,,,,,,,2,0.221
Billy McKinney,,,,,,,,,,,,,,,,,,,2,0.215
Daniel Vogelbach,,,,,,,,,,,,,,,,,,,4,0.208
Richie Martin,,,,,,,,,,,,,,,,,,,1,0.208
Danny Jansen,,,,,,,,,,,,,,,,,,,2,0.207
Dylan Moore,,,,,,,,,,,,,,,,,,,1,0.206
Grayson Greiner,,,,,,,,,,,,,,,,,,,2,0.202
Ryan O'Hearn,,,,,,,,,,,,,,,,,,,2,0.195
