PLAYER,BA00,BA01,BA02,BA03,BA04,BA05,BA06,BA07,BA08,BA09,BA10,BA11,BA12,BA13,BA14,BA15,BA16,BA17,BA18,BA19,MLBAMID,FirstName,LastName,PLAYER,BirthDate,Team,Jersey,BirthCity,BirthState,BirthCountry,ProDebut
Nomar Garciaparra,0.372,,0.31,0.301,0.308,0.283,0.303,0.283,,,,,,,,,,,,,,,,Nomar Garciaparra,1973-07-23,,,Whittier,CA,USA,
Todd Helton,0.372,0.336,0.329,0.358,0.347,0.32,0.302,0.32,0.264,0.325,0.256,0.302,0.238,0.249,,,,,,,,,,Todd Helton,1973-08-20,,,Knoxville,TN,USA,
Moises Alou,0.355,0.331,0.275,0.28,0.293,0.321,0.301,0.341,,,,,,,,,,,,,,,,Moises Alou,1966-07-03,,,Atlanta,GA,USA,
Darin Erstad,0.355,0.258,0.283,0.252,0.295,0.273,,0.248,0.276,,,,,,,,,,,,,,,Darin Erstad,1974-06-04,,,Jamestown,ND,USA,
Manny Ramirez,0.351,0.306,0.349,0.325,0.308,0.292,0.321,0.296,0.332,0.29,0.298,,,,,,,,,,,,,Manny Ramirez,1972-05-30,,,Santo Domingo,Distrito Nacional,Dominican Republic,
Ivan Rodriguez,0.347,0.308,0.314,0.297,0.334,0.276,0.3,0.281,0.276,0.249,0.266,,,,,,,,,,,,,Ivan Rodriguez,1971-11-27,,,Manati,SEE BIRTH COUNTRY,Puerto Rico,
Vladimir Guerrero,0.345,0.307,0.336,0.33,0.337,0.317,0.329,0.324,0.303,0.295,0.3,0.29,,,,,,,,,,,,Vladimir Guerrero,1975-02-09,,,Nizao,Peravia,Dominican Republic,
Carlos Delgado,0.344,0.279,0.277,0.302,0.269,0.301,0.265,0.258,0.271,,,,,,,,,,,,,,,Carlos Delgado,1972-06-25,,,Aguadilla,SEE BIRTH COUNTRY,Puerto Rico,
Derek Jeter,0.339,0.311,0.297,0.324,0.292,0.309,0.343,0.322,0.3,0.334,0.27,0.297,0.316,,0.256,,,,,,,,,Derek Jeter,1974-06-26,,,Pequannock,NJ,USA,
Jeff Kent,0.334,0.298,0.313,0.297,0.289,0.289,0.292,0.302,0.28,,,,,,,,,,,,,,,Jeff Kent,1968-03-07,,,Bellflower,CA,USA,
Jason Giambi,0.333,0.342,0.314,0.25,0.208,0.271,0.253,0.236,0.247,0.201,,,,,,,,,,,,,,Jason Giambi,1971-01-08,,,West Covina,CA,USA,
Mike Sweeney,0.333,0.304,0.34,0.293,0.287,0.3,0.258,0.26,,0.281,,,,,,,,,,,,,,Mike Sweeney,1973-07-22,,,Orange,CA,USA,
Jose Vidro,0.33,0.319,0.315,0.31,0.294,0.275,0.289,0.314,0.234,,,,,,,,,,,,,,,Jose Vidro,1974-08-27,,,Mayaguez,SEE BIRTH COUNTRY,Puerto Rico,
Frank Thomas,0.328,,0.252,0.267,0.271,,0.27,0.277,0.24,,,,,,,,,,,,,,,Frank Thomas,1929-06-11,,,Pittsburgh,PA,USA,
Johnny Damon,0.327,0.256,0.286,0.273,0.304,0.316,0.285,0.27,0.303,0.282,0.271,0.261,0.222,,,,,,,,,,,Johnny Damon,1973-11-05,,,Fort Riley,KS,USA,
Jeff Cirillo,0.326,0.313,0.249,0.205,,,0.319,,,,,,,,,,,,,,,,,Jeff Cirillo,1969-09-23,,,Pasadena,CA,USA,
Gary Sheffield,0.325,0.311,0.307,0.33,0.29,0.291,,0.265,0.225,0.276,,,,,,,,,,,,,,Gary Sheffield,1968-11-18,,,Tampa,FL,USA,
Edgar Martinez,0.324,0.306,0.277,0.294,0.263,,,,,,,,,,,,,,,,,,,Edgar Martinez,1963-01-02,,,New York,NY,USA,
Mike Piazza,0.324,0.3,0.28,0.286,0.266,0.251,0.283,0.275,,,,,,,,,,,,,,,,Mike Piazza,1968-09-04,,,Norristown,PA,USA,
Edgardo Alfonzo,0.324,0.243,0.308,0.259,0.289,0.277,,,,,,,,,,,,,,,,,,Edgardo Alfonzo,1973-11-08,,,Santa Teresa del Tuy,Miranda,Venezuela,
Jermaine Dye,0.321,0.282,0.252,0.172,0.265,0.274,0.315,0.254,0.292,0.25,,,,,,,,,,,,,,Jermaine Dye,1974-01-28,,,Oakland,CA,USA,
Sammy Sosa,0.32,0.328,0.288,0.279,0.253,0.221,,0.252,,,,,,,,,,,,,,,,Sammy Sosa,1968-11-12,,,San Pedro de Macoris,San Pedro de Macoris,Dominican Republic,
Jason Kendall,0.32,0.266,0.283,0.325,0.319,0.271,0.295,0.242,0.246,0.241,0.256,,,,,,,,,,,,,Jason Kendall,1974-06-26,,,San Diego,CA,USA,
Shannon Stewart,0.319,0.316,0.303,0.307,0.304,0.274,,0.29,,,,,,,,,,,,,,,,Shannon Stewart,1974-02-25,,,Cincinnati,OH,USA,
Alex Rodriguez,0.316,0.318,0.3,0.298,0.286,0.321,0.29,0.314,0.302,0.286,0.27,0.276,0.272,,,0.25,0.2,,,,,,,Alex Rodriguez,1975-07-27,,,New York,NY,USA,
Bobby Abreu,0.316,0.289,0.308,0.3,0.301,0.286,0.297,0.283,0.296,0.293,0.255,0.253,0.242,,,,,,,,,,,Bobby Abreu,1974-03-11,,,Maracay,Aragua,Venezuela,
Placido Polanco,0.316,0.307,0.288,0.289,0.298,0.331,0.295,0.341,0.307,0.285,0.298,0.277,0.257,0.26,,,,,,,,,,Placido Polanco,1975-10-10,,,Santo Domingo,Distrito Nacional,Dominican Republic,
Brian Giles,0.315,0.309,0.298,0.299,0.284,0.301,0.263,0.271,0.306,0.191,,,,,,,,,,,,,,Brian Giles,1960-04-27,,,Manhattan,KS,USA,
Magglio Ordonez,0.315,0.305,0.32,0.317,0.292,0.302,0.298,0.363,0.317,0.31,0.303,0.255,,,,,,,,,,,,Magglio Ordonez,1974-01-28,,,Caracas,Distrito Federal,Venezuela,
Sean Casey,0.315,0.31,0.261,0.291,0.324,0.312,0.272,0.296,,,,,,,,,,,,,,,,Sean Casey,1974-07-02,,,Willingboro,NJ,USA,
Richard Hidalgo,0.314,0.275,0.235,0.309,0.239,0.221,,,,,,,,,,,,,,,,,,Richard Hidalgo,1975-06-28,,,Caracas,Distrito Federal,Venezuela,
Rondell White,0.311,0.307,0.24,0.289,0.27,0.313,0.246,,,,,,,,,,,,,,,,,Rondell White,1972-02-23,,,Milledgeville,GA,USA,
Chipper Jones,0.311,0.33,0.327,0.305,0.248,0.296,0.324,0.337,0.364,0.264,0.265,0.275,0.287,,,,,,,,,,,Chipper Jones,1972-04-24,,,DeLand,FL,USA,
Jeff Bagwell,0.31,0.288,0.291,0.278,0.266,,,,,,,,,,,,,,,,,,,Jeff Bagwell,1968-05-27,,,Boston,MA,USA,
Larry Walker,0.309,0.35,0.338,0.284,0.298,0.289,,,,,,,,,,,,,,,,,,Larry Walker,1966-12-01,,,Maple Ridge,BC,Canada,
Bernie Williams,0.307,0.307,0.333,0.263,0.262,0.249,0.281,,,,,,,,,,,,,,,,,Bernie Williams,1948-10-08,,,Alameda,CA,USA,
Barry Bonds,0.306,0.328,0.37,0.341,0.362,,0.27,0.276,,,,,,,,,,,,,,,,Barry Bonds,1964-07-24,,,Riverside,CA,USA,
Matt Lawton,0.305,0.277,0.236,0.249,0.277,0.254,,,,,,,,,,,,,,,,,,Matt Lawton,1971-11-30,,,Gulfport,MS,USA,
Charles Johnson,0.304,0.259,0.217,0.23,0.236,,,,,,,,,,,,,,,,,,,Charles Johnson,1971-07-20,,,Fort Pierce,FL,USA,
Joe Randa,0.304,0.253,0.282,0.291,0.287,0.276,0.267,,,,,,,,,,,,,,,,,Joe Randa,1969-12-18,,,Milwaukee,WI,USA,
Phil Nevin,0.303,0.306,0.285,0.279,0.289,0.237,0.239,,,,,,,,,,,,,,,,,Phil Nevin,1971-01-19,,,Fullerton,CA,USA,
Andruw Jones,0.303,0.251,0.264,0.277,0.261,0.263,0.262,0.222,0.158,0.214,0.23,,0.197,,,,,,,,,,,Andruw Jones,1977-04-23,,,Willemstad,SEE BIRTH COUNTRY,Curacao,
Dmitri Young,0.303,0.302,0.284,0.297,0.272,0.271,,0.32,,,,,,,,,,,,,,,,Dmitri Young,1973-10-11,,,Vicksburg,MS,USA,
Geoff Jenkins,0.303,0.264,0.243,0.296,0.264,0.292,0.271,0.255,0.246,,,,,,,,,,,,,,,Geoff Jenkins,1974-07-21,,,Olympia,WA,USA,
Deivi Cruz,0.302,0.256,0.263,0.25,0.292,0.265,,,,,,,,,,,,,,,,,,Deivi Cruz,1972-11-06,,,Bani,Peravia,Dominican Republic,
Gabe Kapler,0.302,0.267,0.279,0.271,0.272,,,,0.301,0.239,,,,,,,,,,,,,,Gabe Kapler,1975-07-31,,,Hollywood,CA,USA,
Carlos Lee,0.301,0.269,0.264,0.291,0.305,0.265,0.3,0.303,0.314,0.3,0.246,0.275,0.264,,,,,,,,,,,Carlos Lee,1976-06-20,,,Aguadulce,Cocle,Panama,
Carl Everett,0.3,0.257,0.267,0.287,0.26,0.251,0.227,,,,,,,,,,,,,,,,,Carl Everett,1971-06-03,,,Tampa,FL,USA,
Cliff Floyd,0.3,0.317,0.288,0.29,0.26,0.273,0.244,0.284,0.268,,,,,,,,,,,,,,,Cliff Floyd,1972-12-05,,,Chicago,IL,USA,
Bobby Higginson,0.3,0.277,0.282,0.235,0.246,,,,,,,,,,,,,,,,,,,Bobby Higginson,1970-08-18,,,Philadelphia,PA,USA,
Orlando Palmeiro,0.3,0.243,0.3,0.271,,0.284,,,,,,,,,,,,,,,,,,Orlando Palmeiro,1969-01-19,,,Hoboken,NJ,USA,
Corey Koskie,0.3,0.276,0.267,0.292,0.251,0.249,0.261,,,,,,,,,,,,,,,,,Corey Koskie,1973-06-28,,,Anola,MB,Canada,
Scott Rolen,0.298,0.289,0.266,0.286,0.314,,0.296,0.265,0.262,0.305,0.285,0.242,0.245,,,,,,,,,,,Scott Rolen,1975-04-04,,,Evansville,IN,USA,
Mark Kotsay,0.298,0.291,0.292,0.266,0.314,0.28,0.275,0.214,0.276,,0.239,0.27,,,,,,,,,,,,Mark Kotsay,1975-12-02,,,Whittier,CA,USA,
Paul Konerko,0.298,0.282,0.304,0.234,0.277,0.283,0.313,0.259,0.24,0.277,0.312,0.3,0.298,0.244,0.207,,,,,,,,,Paul Konerko,1976-03-05,,,Providence,RI,USA,
Eric Young,0.297,0.279,0.28,0.251,0.288,,,,,,,,,,,,,,,,,,,Eric Young,1967-05-18,,,New Brunswick,NJ,USA,
Lance Berkman,0.297,0.331,0.292,0.288,0.316,0.293,0.315,0.278,0.312,0.274,0.248,0.301,,0.242,,,,,,,,,,Lance Berkman,1976-02-10,,,Waco,TX,USA,
Jim Edmonds,0.295,0.304,0.311,0.275,0.301,0.263,0.257,0.252,0.235,,0.276,,,,,,,,,,,,,Jim Edmonds,1970-06-27,,,Fullerton,CA,USA,
Brad Fullmer,0.295,0.274,0.289,0.306,0.233,,,,,,,,,,,,,,,,,,,Brad Fullmer,1975-01-17,,,Chatsworth,CA,USA,
J.D. Drew,0.295,0.323,0.252,0.289,0.305,0.286,0.283,0.27,0.28,0.279,0.255,0.222,,,,,,,,,,,,J.D. Drew,#N/A,,,#N/A,#N/A,#N/A,
Rafael Furcal,0.295,0.275,0.275,0.292,0.279,0.284,0.3,0.27,,0.269,0.3,0.231,0.264,,,,,,,,,,,Rafael Furcal,1977-10-24,,,Loma de Cabrera,Dajabon,Dominican Republic,
B.J. Surhoff,0.291,0.271,,0.295,0.309,0.257,,,,,,,,,,,,,,,,,,B.J. Surhoff,#N/A,,,#N/A,#N/A,#N/A,
Jay Payton,0.291,0.255,0.303,0.302,0.26,0.267,0.296,0.256,0.243,,,,,,,,,,,,,,,Jay Payton,1972-11-22,,,Zanesville,OH,USA,
Frank Catalanotto,0.291,0.33,0.269,0.299,0.293,0.301,0.3,0.26,0.274,,,,,,,,,,,,,,,Frank Catalanotto,1974-04-27,,,Smithtown,NY,USA,
Tim Salmon,0.29,0.227,0.286,0.275,,,0.265,,,,,,,,,,,,,,,,,Tim Salmon,1968-08-24,,,Long Beach,CA,USA,
Todd Walker,0.29,0.296,0.299,0.283,0.274,0.305,0.278,,,,,,,,,,,,,,,,,Todd Walker,1973-05-25,,,Bakersfield,CA,USA,
Adrian Beltre,0.29,0.265,0.257,0.24,0.334,0.255,0.268,0.276,0.266,0.265,0.321,0.296,0.321,0.315,0.324,0.287,0.3,0.312,0.273,,,,,Adrian Beltre,1979-04-07,,,Santo Domingo,Distrito Nacional,Dominican Republic,
Juan Encarnacion,0.289,0.242,0.271,0.27,0.236,0.287,0.278,0.283,,,,,,,,,,,,,,,,Juan Encarnacion,1976-03-08,,,Las Matas de Farfan,San Juan,Dominican Republic,
Rafael Palmeiro,0.288,0.273,0.273,0.26,0.258,0.266,,,,,,,,,,,,,,,,,,Rafael Palmeiro,1964-09-24,,,La Habana,La Habana,Cuba,
Terrence Long,0.288,0.283,0.24,0.245,0.295,0.279,,,,,,,,,,,,,,,,,,Terrence Long,1976-02-29,,,Montgomery,AL,USA,
Omar Vizquel,0.287,0.255,0.275,0.244,0.291,0.271,0.295,0.246,0.222,,0.276,,,,,,,,,,,,,Omar Vizquel,1967-04-24,,,Caracas,Distrito Federal,Venezuela,
Javy Lopez,0.287,0.267,0.233,0.328,0.316,0.278,0.251,,,,,,,,,,,,,,,,,Javy Lopez,1970-11-05,,,Ponce,SEE BIRTH COUNTRY,Puerto Rico,
Jorge Posada,0.287,0.277,0.268,0.281,0.272,0.262,0.277,0.338,,0.285,0.248,0.235,,,,,,,,,,,,Jorge Posada,1970-08-17,,,Santurce,SEE BIRTH COUNTRY,Puerto Rico,
Neifi Perez,0.287,0.279,0.236,0.256,0.255,0.274,0.243,,,,,,,,,,,,,,,,,Neifi Perez,1973-06-02,,,Villa Mella,Santo Domingo,Dominican Republic,
Garret Anderson,0.286,0.289,0.306,0.315,0.301,0.283,0.28,0.297,0.293,0.268,,,,,,,,,,,,,,Garret Anderson,1972-06-30,,,Los Angeles,CA,USA,
John Olerud,0.285,0.302,0.3,0.269,0.259,,,,,,,,,,,,,,,,,,,John Olerud,1968-08-05,,,Seattle,WA,USA,
Aaron Boone,0.285,0.294,0.241,0.267,,0.243,0.251,,0.241,,,,,,,,,,,,,,,Aaron Boone,1973-03-09,,,La Mesa,CA,USA,
Jacque Jones,0.285,0.276,0.3,0.304,0.254,0.249,0.285,0.285,,,,,,,,,,,,,,,,Jacque Jones,1975-04-25,,,San Diego,CA,USA,
Jeff Conine,0.284,0.311,0.273,0.282,0.28,0.304,0.268,0.254,,,,,,,,,,,,,,,,Jeff Conine,1966-06-27,,,Tacoma,WA,USA,
J.T. Snow,0.284,0.246,0.246,0.273,0.327,0.275,,,,,,,,,,,,,,,,,,J.T. Snow,#N/A,,,#N/A,#N/A,#N/A,
Troy Glaus,0.284,0.25,0.25,0.248,0.251,0.258,0.252,0.262,0.27,,0.24,,,,,,,,,,,,,Troy Glaus,1976-08-03,,,Tarzana,CA,USA,
Ryan Klesko,0.283,0.286,0.3,0.252,0.291,0.248,,0.26,,,,,,,,,,,,,,,,Ryan Klesko,1971-06-12,,,Westminster,CA,USA,
Geoff Blum,0.283,0.236,0.283,0.262,0.215,0.229,0.254,0.252,0.24,0.247,0.267,,,,,,,,,,,,,Geoff Blum,1973-04-26,,,Redwood City,CA,USA,
Julio Lugo,0.283,0.263,0.261,0.271,0.275,0.295,0.278,0.237,0.268,0.28,0.249,,,,,,,,,,,,,Julio Lugo,1975-11-16,,,Barahona,Barahona,Dominican Republic,
David Ortiz,0.282,0.234,0.272,0.288,0.301,0.3,0.287,0.332,0.264,0.238,0.27,0.309,0.318,0.309,0.263,0.273,0.315,,,,,,,David Ortiz,1975-11-18,,,Santo Domingo,Distrito Nacional,Dominican Republic,
Mark Loretta,0.281,0.289,0.304,0.314,0.335,0.28,0.285,0.287,0.28,,,,,,,,,,,,,,,Mark Loretta,1971-08-14,,,Santa Monica,CA,USA,
Derrek Lee,0.281,0.282,0.27,0.271,0.278,0.335,,0.317,0.291,0.306,0.26,0.267,,,,,,,,,,,,Derrek Lee,1975-09-06,,,Sacramento,CA,USA,
Bengie Molina,0.281,0.262,0.245,0.281,0.276,0.295,0.284,0.276,0.292,0.265,0.249,,,,,,,,,,,,,Bengie Molina,1974-07-20,,,Rio Piedras,SEE BIRTH COUNTRY,Puerto Rico,
Steve Finley,0.28,0.275,0.287,0.287,0.271,0.222,0.246,,,,,,,,,,,,,,,,,Steve Finley,1965-03-12,,,Union City,TN,USA,
Ray Durham,0.28,0.267,0.289,0.285,0.282,0.29,0.293,0.218,0.289,,,,,,,,,,,,,,,Ray Durham,1971-11-30,,,Charlotte,NC,USA,
Torii Hunter,0.28,0.261,0.289,0.25,0.271,0.269,0.278,0.287,0.278,0.299,0.281,0.262,0.313,0.304,0.286,0.24,,,,,,,,Torii Hunter,1975-07-18,,,Pine Bluff,AR,USA,
Mark Grudzielanek,0.279,0.271,0.271,0.314,0.307,0.294,0.297,0.302,0.299,,,,,,,,,,,,,,,Mark Grudzielanek,1970-06-30,,,Milwaukee,WI,USA,
Kenny Lofton,0.278,0.261,0.261,0.296,0.275,0.335,0.301,0.296,,,,,,,,,,,,,,,,Kenny Lofton,1967-05-31,,,East Chicago,IN,USA,
Mike Lieberthal,0.278,,0.279,0.313,0.271,0.263,0.273,,,,,,,,,,,,,,,,,Mike Lieberthal,1972-01-18,,,Glendale,CA,USA,
Edgar Renteria,0.278,0.26,0.305,0.33,0.287,0.276,0.293,0.332,0.27,0.25,0.276,0.251,,,,,,,,,,,,Edgar Renteria,1976-08-07,,,Barranquilla,Atlantico,Colombia,
Mike Lamb,0.278,0.306,0.283,,0.288,0.236,0.307,0.289,0.235,,,,,,,,,,,,,,,Mike Lamb,1975-08-09,,,West Covina,CA,USA,
Eric Chavez,0.277,0.288,0.275,0.282,0.276,0.269,0.241,0.24,,,,,0.281,0.281,,,,,,,,,,Eric Chavez,1977-12-07,,,Los Angeles,CA,USA,
Trot Nixon,0.276,0.28,0.256,0.306,,0.275,0.268,0.251,,,,,,,,,,,,,,,,Trot Nixon,1974-04-11,,,Durham,NC,USA,
Damian Miller,0.275,0.271,0.249,0.233,0.272,0.273,0.251,,,,,,,,,,,,,,,,,Damian Miller,1969-10-13,,,La Crosse,WI,USA,
Miguel Tejada,0.275,0.267,0.308,0.278,0.311,0.304,0.33,0.296,0.283,0.313,0.269,0.239,,,,,,,,,,,,Miguel Tejada,1974-05-25,,,Bani,Peravia,Dominican Republic,
Melvin Mora,0.275,0.25,0.233,0.317,0.34,0.283,0.274,0.274,0.285,0.26,0.285,,,,,,,,,,,,,Melvin Mora,1972-02-02,,,Agua Negra,Yaracuy,Venezuela,
Gregg Zaun,0.274,,,,0.269,0.251,0.272,0.242,0.237,0.26,,,,,,,,,,,,,,Gregg Zaun,1971-04-14,,,Glendale,CA,USA,
Tony Clark,0.274,0.287,0.207,0.232,0.221,0.304,,0.249,,,,,,,,,,,,,,,,Tony Clark,1972-06-15,,,Newton,KS,USA,
Rey Sanchez,0.273,0.281,0.286,0.25,0.246,,,,,,,,,,,,,,,,,,,Rey Sanchez,1967-10-05,,,Rio Piedras,SEE BIRTH COUNTRY,Puerto Rico,
Jose Valentin,0.273,0.258,0.249,0.237,0.216,,0.271,,,,,,,,,,,,,,,,,Jose Valentin,1969-10-12,,,Manati,SEE BIRTH COUNTRY,Puerto Rico,
Richie Sexson,0.272,0.271,0.279,0.272,,0.263,0.264,0.205,0.221,,,,,,,,,,,,,,,Richie Sexson,1974-12-29,,,Portland,OR,USA,
Ken Griffey Jr.,0.271,0.286,,,0.253,0.301,0.252,0.277,0.249,0.214,,,,,,,,,,,,,,Ken Griffey Jr.,#N/A,,,#N/A,#N/A,#N/A,
Tony Womack,0.271,0.266,0.271,0.226,0.307,0.249,,,,,,,,,,,,,,,,,,Tony Womack,1969-09-25,,,Danville,VA,USA,
Rich Aurilia,0.271,0.324,0.257,0.277,0.246,0.282,0.3,0.252,0.283,,,,,,,,,,,,,,,Rich Aurilia,1971-09-02,,,Brooklyn,NY,USA,
Mike Lowell,0.27,0.283,0.276,0.276,0.293,0.236,0.284,0.324,0.274,0.29,0.239,,,,,,,,,,,,,Mike Lowell,1974-02-24,,,San Juan,SEE BIRTH COUNTRY,Puerto Rico,
Jim Thome,0.269,0.291,0.304,0.266,0.274,,0.288,0.275,0.245,0.249,0.283,0.256,,,,,,,,,,,,Jim Thome,1970-08-27,,,Peoria,IL,USA,
Shawn Green,0.269,0.297,0.285,0.28,0.266,0.286,0.277,0.291,,,,,,,,,,,,,,,,Shawn Green,1972-11-10,,,Des Plaines,IL,USA,
Todd Hollandsworth,0.269,,0.284,0.254,,0.244,0.246,,,,,,,,,,,,,,,,,Todd Hollandsworth,1973-04-20,,,Dayton,OH,USA,
Craig Biggio,0.268,0.292,0.253,0.264,0.281,0.264,0.246,0.251,,,,,,,,,,,,,,,,Craig Biggio,1965-12-14,,,Smithtown,NY,USA,
Todd Zeile,0.268,0.266,0.273,0.227,0.233,,,,,,,,,,,,,,,,,,,Todd Zeile,1965-09-09,,,Van Nuys,CA,USA,
Bill Mueller,0.268,0.295,0.262,0.326,0.283,0.295,,,,,,,,,,,,,,,,,,Bill Mueller,1920-11-09,,,Bay City,MI,USA,
Michael Tucker,0.267,0.252,0.248,0.262,0.256,0.239,,,,,,,,,,,,,,,,,,Michael Tucker,1971-06-25,,,South Boston,VA,USA,
Mike Cameron,0.267,0.267,0.239,0.253,0.231,0.273,0.268,0.242,0.243,0.25,,0.203,,,,,,,,,,,,Mike Cameron,1973-01-08,,,La Grange,GA,USA,
Brad Ausmus,0.266,0.232,0.257,0.229,0.248,0.258,0.23,0.235,0.218,,,,,,,,,,,,,,,Brad Ausmus,1969-04-14,,,New Haven,CT,USA,
Adam Kennedy,0.266,0.27,0.312,0.269,0.278,0.3,0.273,0.219,0.28,0.289,0.249,0.234,,,,,,,,,,,,Adam Kennedy,1976-01-10,,,Riverside,CA,USA,
Scott Hatteberg,0.265,0.245,0.28,0.253,0.284,0.256,0.289,0.31,,,,,,,,,,,,,,,,Scott Hatteberg,1969-12-14,,,Salem,OR,USA,
Brian Jordan,0.264,0.295,0.285,0.299,0.222,0.247,,,,,,,,,,,,,,,,,,Brian Jordan,1967-03-29,,,Baltimore,MD,USA,
Preston Wilson,0.264,0.274,0.243,0.282,0.248,0.26,0.263,,,,,,,,,,,,,,,,,Preston Wilson,1974-07-19,,,Bamberg,SC,USA,
Tony Batista,0.263,0.238,0.244,0.235,0.241,,,,,,,,,,,,,,,,,,,Tony Batista,1973-12-09,,,Puerto Plata,Puerto Plata,Dominican Republic,
Ronnie Belliard,0.263,0.264,0.211,0.277,0.282,0.284,0.272,0.29,0.287,0.277,,,,,,,,,,,,,,Ronnie Belliard,1975-04-07,,,New York,NY,USA,
Miguel Cairo,0.261,,,0.245,0.292,0.251,0.239,,0.249,,,0.265,,,,,,,,,,,,Miguel Cairo,1974-05-04,,,Anaco,Anzoategui,Venezuela,
Mike Matheny,0.261,0.218,0.244,0.252,0.247,0.242,,,,,,,,,,,,,,,,,,Mike Matheny,1970-09-22,,,Columbus,OH,USA,
Pat Burrell,0.26,0.258,0.282,0.209,0.257,0.281,0.258,0.256,0.25,0.221,0.252,,,,,,,,,,,,,Pat Burrell,1976-10-10,,,Eureka Springs,AR,USA,
Damion Easley,0.259,0.25,0.224,,0.238,0.24,,,0.269,,,,,,,,,,,,,,,Damion Easley,1969-11-11,,,New York,NY,USA,
Kevin Millar,0.259,0.314,0.306,0.276,0.297,0.272,0.272,0.254,0.234,0.223,,,,,,,,,,,,,,Kevin Millar,1971-09-24,,,Los Angeles,CA,USA,
Tino Martinez,0.258,0.28,0.262,0.273,0.262,0.241,,,,,,,,,,,,,,,,,,Tino Martinez,1967-12-07,,,Tampa,FL,USA,
Daryle Ward,0.258,0.263,0.276,,0.249,0.26,,,,,,,,,,,,,,,,,,Daryle Ward,1975-06-27,,,Lynwood,CA,USA,
Carlos Guillen,0.257,0.259,0.261,0.276,0.318,0.32,0.32,0.296,0.286,0.242,0.273,,,,,,,,,,,,,Carlos Guillen,1975-09-30,,,Maracay,Aragua,Venezuela,
Aramis Ramirez,0.256,0.3,0.234,0.272,0.318,0.302,0.291,0.31,0.289,0.317,0.241,0.306,0.3,0.283,0.285,0.246,,,,,,,,Aramis Ramirez,1978-06-25,,,Santo Domingo,Distrito Nacional,Dominican Republic,
Jose Guillen,0.253,,0.238,0.311,0.294,0.283,0.216,0.29,0.264,0.242,0.258,,,,,,,,,,,,,Jose Guillen,1976-05-17,,,San Cristobal,San Cristobal,Dominican Republic,
Bret Boone,0.251,0.331,0.278,0.294,0.251,0.221,,,,,,,,,,,,,,,,,,Bret Boone,1969-04-06,,,El Cajon,CA,USA,
Jason Varitek,0.248,,0.266,0.273,0.296,0.281,0.238,0.255,0.22,0.209,,0.221,,,,,,,,,,,,Jason Varitek,1972-04-11,,,Rochester,MI,USA,
Carlos Beltran,0.247,0.306,0.273,0.307,0.267,0.266,0.275,0.276,0.284,0.325,0.255,0.3,0.269,0.296,0.233,0.276,0.295,0.231,,,,,,Carlos Beltran,1977-04-24,,,Manati,SEE BIRTH COUNTRY,Puerto Rico,
Cristian Guzman,0.247,0.302,0.273,0.268,0.274,0.219,,,0.316,0.284,0.266,,,,,,,,,,,,,Cristian Guzman,1978-03-21,,,Santo Domingo,Distrito Nacional,Dominican Republic,
David Bell,0.247,0.26,0.261,0.195,0.291,0.248,0.27,,,,,,,,,,,,,,,,,David Bell,1972-09-14,,,Cincinnati,OH,USA,
Mark McLemore,0.245,0.286,0.27,0.233,0.248,,,,,,,,,,,,,,,,,,,Mark McLemore,1964-10-04,,,San Diego,CA,USA,
Marquis Grissom,0.244,0.221,0.277,0.3,0.279,,,,,,,,,,,,,,,,,,,Marquis Grissom,1967-04-17,,,Atlanta,GA,USA,
Jose Hernandez,0.244,0.249,0.288,0.225,0.289,0.231,,,,,,,,,,,,,,,,,,Jose Hernandez,1969-07-14,,,Rio Piedras,SEE BIRTH COUNTRY,Puerto Rico,
Royce Clayton,0.242,0.263,0.251,0.228,0.279,0.27,0.258,,,,,,,,,,,,,,,,,Royce Clayton,1970-01-02,,,Burbank,CA,USA,
Scott Spiezio,0.242,0.271,0.285,0.265,0.215,,0.272,0.269,,,,,,,,,,,,,,,,Scott Spiezio,1972-09-21,,,Joliet,IL,USA,
Jose Cruz Jr.,0.242,0.274,0.245,0.25,0.242,0.251,0.233,0.234,,,,,,,,,,,,,,,,Jose Cruz Jr.,#N/A,,,#N/A,#N/A,#N/A,
Juan Castro,0.241,0.223,,0.253,0.244,0.257,0.251,,,,,,,,,,,,,,,,,Juan Castro,1972-06-20,,,Los Mochis,Sinaloa,Mexico,
Ramon Hernandez,0.241,0.254,0.233,0.273,0.276,0.29,0.275,0.258,0.257,0.258,0.297,0.282,,,,,,,,,,,,Ramon Hernandez,1940-08-31,,,Carolina,SEE BIRTH COUNTRY,Puerto Rico,
Alex Cora,0.238,0.217,0.291,0.249,0.264,0.232,0.238,0.246,,0.251,,,,,,,,,,,,,,Alex Cora,1975-10-18,,,Caguas,SEE BIRTH COUNTRY,Puerto Rico,
Orlando Cabrera,0.237,0.276,0.263,0.297,0.264,0.257,0.282,0.301,0.281,0.284,0.263,0.238,,,,,,,,,,,,Orlando Cabrera,1974-11-02,,,Cartagena,Bolivar,Colombia,
Ricky Ledee,0.236,0.231,0.227,0.247,,0.278,,,,,,,,,,,,,,,,,,Ricky Ledee,1973-11-22,,,Ponce,SEE BIRTH COUNTRY,Puerto Rico,
Henry Blanco,0.236,0.21,0.204,,0.206,,0.266,,,0.235,,,,,,,,,,,,,,Henry Blanco,1971-08-29,,,Caracas,Distrito Federal,Venezuela,
Dan Wilson,0.235,0.265,0.295,0.241,0.251,,,,,,,,,,,,,,,,,,,Dan Wilson,1969-03-25,,,Arlington Heights,IL,USA,
John Mabry,0.235,,0.276,,0.296,0.24,0.205,,,,,,,,,,,,,,,,,John Mabry,1970-10-17,,,Wilmington,DE,USA,
Travis Lee,0.235,0.258,0.265,0.275,,0.272,0.224,,,,,,,,,,,,,,,,,Travis Lee,1975-05-26,,,San Diego,CA,USA,
Reggie Sanders,0.232,0.263,0.25,0.285,0.26,0.271,0.246,,,,,,,,,,,,,,,,,Reggie Sanders,1949-09-09,,,Birmingham,AL,USA,
Jeromy Burnitz,0.232,0.251,0.215,0.239,0.283,0.258,0.23,,,,,,,,,,,,,,,,,Jeromy Burnitz,1969-04-15,,,Westminster,CA,USA,
Matt Stairs,0.227,0.25,0.244,0.292,0.267,0.275,0.247,0.289,0.252,,,,,,,,,,,,,,,Matt Stairs,1968-02-27,,,St. John,NB,Canada,
Vinny Castilla,0.221,0.26,0.232,0.277,0.271,0.253,0.229,,,,,,,,,,,,,,,,,Vinny Castilla,1967-07-04,,,Oaxaca,Oaxaca,Mexico,
Desi Relaford,0.215,0.302,0.267,0.254,0.221,0.224,,,,,,,,,,,,,,,,,,Desi Relaford,1973-09-16,,,Valdosta,GA,USA,
Michael Barrett,0.214,0.25,0.263,0.208,0.287,0.276,0.307,0.244,,,,,,,,,,,,,,,,Michael Barrett,1976-10-22,,,Atlanta,GA,USA,
Ichiro Suzuki,,0.35,0.321,0.312,0.372,0.303,0.322,0.351,0.31,0.352,0.315,0.272,0.283,0.262,0.284,0.229,0.291,,,,,,,Ichiro Suzuki,1973-10-22,,,Nichi Kasugai-gun,Aichi,Japan,
Juan Pierre,,0.327,0.287,0.305,0.326,0.276,0.292,0.293,0.283,0.308,0.275,0.279,0.307,0.247,,,,,,,,,,Juan Pierre,1977-08-14,,,Mobile,AL,USA,
Paul Lo Duca,,0.32,0.281,0.273,0.286,0.283,0.318,0.272,,,,,,,,,,,,,,,,Paul Lo Duca,1972-04-12,,,Brooklyn,NY,USA,
Doug Mientkiewicz,,0.306,0.261,0.3,0.238,0.24,0.283,,0.277,,,,,,,,,,,,,,,Doug Mientkiewicz,1974-06-19,,,Toledo,OH,USA,
Juan Uribe,,0.3,0.24,0.253,0.283,0.252,0.235,0.234,0.247,0.289,0.248,0.204,,0.278,0.311,0.253,0.206,,,,,,,Juan Uribe,1979-03-22,,,Palenque,SEE BIRTH COUNTRY,Dominican Republic,
Marlon Anderson,,0.293,0.258,0.27,0.237,0.264,0.297,,,,,,,,,,,,,,,,,Marlon Anderson,1974-01-06,,,Montgomery,AL,USA,
A.J. Pierzynski,,0.289,0.3,0.312,0.272,0.257,0.295,0.263,0.281,0.3,0.27,0.287,0.278,0.272,0.251,0.3,0.219,,,,,,,A.J. Pierzynski,#N/A,,,#N/A,#N/A,#N/A,
David Eckstein,,0.285,0.293,0.252,0.276,0.294,0.292,0.309,0.265,0.26,0.267,,,,,,,,,,,,,David Eckstein,1975-01-20,,,Sanford,FL,USA,
Raul Ibanez,,0.28,0.294,0.294,0.304,0.28,0.289,0.291,0.293,0.272,0.275,0.245,0.24,0.242,0.167,,,,,,,,,Raul Ibanez,1972-06-02,,,New York,NY,USA,
Dave Dellucci,,0.276,0.245,0.227,0.242,0.251,0.292,,0.238,,,,,,,,,,,,,,,Dave Dellucci,#N/A,,,#N/A,#N/A,#N/A,
Craig Counsell,,0.275,0.282,0.234,0.241,0.256,0.255,0.22,0.226,0.285,0.25,,,,,,,,,,,,,Craig Counsell,1970-08-21,,,South Bend,IN,USA,
Jimmy Rollins,,0.274,0.245,0.263,0.289,0.29,0.277,0.296,0.277,0.25,0.243,0.268,0.25,0.252,0.243,0.224,,,,,,,,Jimmy Rollins,1978-11-27,,,Oakland,CA,USA,
Randy Winn,,0.273,0.298,0.295,0.286,0.306,0.262,0.3,0.306,0.262,0.239,,,,,,,,,,,,,Randy Winn,1974-06-09,,,Los Angeles,CA,USA,
Robert Fick,,0.272,0.27,0.269,0.199,0.265,,,,,,,,,,,,,,,,,,Robert Fick,1974-03-15,,,Torrance,CA,USA,
Alfonso Soriano,,0.268,0.3,0.29,0.28,0.268,0.277,0.299,0.28,0.241,0.258,0.244,0.262,0.255,0.221,,,,,,,,,Alfonso Soriano,1976-01-07,,,San Pedro de Macoris,San Pedro de Macoris,Dominican Republic,
Luis Rivas,,0.266,0.256,0.259,0.256,,,,0.218,,,,,,,,,,,,,,,Luis Rivas,1979-08-30,,,La Guaira,Vargas,Venezuela,
Rob Mackowiak,,0.266,0.244,,0.246,0.272,0.29,0.263,,,,,,,,,,,,,,,,Rob Mackowiak,1976-06-20,,,Oak Lawn,IL,USA,
Shea Hillenbrand,,0.263,0.293,0.28,0.31,0.291,0.277,0.251,,,,,,,,,,,,,,,,Shea Hillenbrand,1975-07-27,,,Mesa,AZ,USA,
Abraham Nunez,,0.262,0.233,0.248,0.214,0.285,0.211,0.234,,,,,,,,,,,,,,,,Abraham Nunez,1976-03-16,,,Santo Domingo,Distrito Nacional,Dominican Republic,
Marcus Giles,,0.262,0.23,0.316,0.311,0.291,0.262,0.229,,,,,,,,,,,,,,,,Marcus Giles,1978-05-18,,,San Diego,CA,USA,
Adam Dunn,,0.262,0.249,0.215,0.266,0.247,0.234,0.264,0.236,0.267,0.26,0.159,0.204,0.219,0.219,,,,,,,,,Adam Dunn,1979-11-09,,,Houston,TX,USA,
Chris Gomez,,0.259,0.265,,0.282,0.279,,0.297,,,,,,,,,,,,,,,,Chris Gomez,1971-06-16,,,Los Angeles,CA,USA,
Brian Roberts,,0.253,,0.27,0.273,0.314,0.286,0.29,0.296,0.283,0.278,,,0.249,0.237,,,,,,,,,Brian Roberts,1977-10-09,,,Durham,NC,USA,
Michael Young,,0.249,0.262,0.306,0.313,0.331,0.314,0.315,0.284,0.322,0.284,0.338,0.277,0.279,,,,,,,,,,Michael Young,1976-10-19,,,Covina,CA,USA,
Aubrey Huff,,0.248,0.313,0.311,0.297,0.261,0.267,0.28,0.304,0.241,0.29,0.246,,,,,,,,,,,,Aubrey Huff,1976-12-20,,,Marion,OH,USA,
Jason LaRue,,0.236,0.249,0.23,0.251,0.26,,,,,,,,,,,,,,,,,,Jason LaRue,1974-03-19,,,Houston,TX,USA,
Jay Gibbons,,0.236,0.247,0.277,0.246,0.277,0.277,0.23,,,,,,,,,,,,,,,,Jay Gibbons,1977-03-02,,,Rochester,MI,USA,
Jerry Hairston Jr.,,0.233,0.268,0.271,0.303,0.261,,,0.326,0.251,0.244,0.27,0.273,0.211,,,,,,,,,,Jerry Hairston Jr.,#N/A,,,#N/A,#N/A,#N/A,
Russell Branyan,,0.232,0.228,,,0.257,0.228,,,0.251,0.237,,,,,,,,,,,,,Russell Branyan,1975-12-19,,,Warner Robins,GA,USA,
Johnny Estrada,,0.228,,,0.314,0.261,0.302,0.278,,,,,,,,,,,,,,,,Johnny Estrada,1976-06-27,,,Hayward,CA,USA,
Gary Matthews Jr.,,0.227,0.275,0.248,0.275,0.255,0.313,0.252,0.242,0.25,,,,,,,,,,,,,,Gary Matthews Jr.,#N/A,,,#N/A,#N/A,#N/A,
Pedro Feliz,,0.227,,0.247,0.276,0.25,0.244,0.253,0.249,0.266,0.218,,,,,,,,,,,,,Pedro Feliz,1975-04-27,,,Azua,Azua,Dominican Republic,
Milton Bradley,,0.223,0.249,0.321,0.267,0.29,0.276,0.306,0.321,0.257,0.205,,,,,,,,,,,,,Milton Bradley,1978-04-15,,,Harbor City,CA,USA,
Jack Wilson,,0.223,0.252,0.256,0.308,0.257,0.273,0.296,0.272,0.255,,0.243,,,,,,,,,,,,Jack Wilson,1912-04-12,,,Portland,OR,USA,
Wes Helms,,0.222,0.243,0.261,0.263,,0.329,0.246,0.243,0.271,0.22,,,,,,,,,,,,,Wes Helms,1976-05-12,,,Gastonia,NC,USA,
Austin Kearns,,,0.315,0.264,0.23,0.24,0.264,0.266,0.217,,0.263,,,,,,,,,,,,,Austin Kearns,1980-05-20,,,Lexington,KY,USA,
Mark DeRosa,,,0.297,0.263,0.239,,0.296,0.293,0.285,0.25,,,,0.235,,,,,,,,,,Mark DeRosa,1975-02-26,,,Passaic,NJ,USA,
Bobby Kielty,,,0.291,0.244,0.214,0.263,0.27,,,,,,,,,,,,,,,,,Bobby Kielty,1976-08-05,,,Fontana,CA,USA,
Eric Hinske,,,0.279,0.243,0.246,0.262,0.271,,0.247,,0.256,0.233,,,,,,,,,,,,Eric Hinske,1977-08-05,,,Menasha,WI,USA,
Dave Roberts,,,0.277,0.25,0.254,0.275,0.293,0.26,,,,,,,,,,,,,,,,Dave Roberts,1933-06-30,,,Panama,Panama,Panama,
Vernon Wells,,,0.275,0.317,0.272,0.269,0.303,0.245,0.3,0.26,0.273,0.218,0.23,0.233,,,,,,,,,,Vernon Wells,1978-12-08,,,Shreveport,LA,USA,
Brian Schneider,,,0.275,0.23,0.257,0.268,0.256,0.235,0.257,,,,,,,,,,,,,,,Brian Schneider,1976-11-26,,,Jacksonville,FL,USA,
Ramon Vazquez,,,0.274,0.261,,,,0.23,0.29,0.23,,,,,,,,,,,,,,Ramon Vazquez,1976-08-21,,,Aibonito,SEE BIRTH COUNTRY,Puerto Rico,
Mark Ellis,,,0.272,0.248,,0.316,0.249,0.276,0.233,0.263,0.291,0.248,0.258,0.27,,,,,,,,,,Mark Ellis,1977-06-06,,,Rapid City,SD,USA,
Brad Wilkerson,,,0.266,0.268,0.255,0.248,0.222,0.234,0.22,,,,,,,,,,,,,,,Brad Wilkerson,1977-06-01,,,Owensboro,KY,USA,
Tony Graffanino,,,0.262,0.26,0.263,0.309,0.274,0.238,,,,,,,,,,,,,,,,Tony Graffanino,1972-06-06,,,Amityville,NY,USA,
Kevin Mench,,,0.26,,0.279,0.264,0.269,0.267,,,,,,,,,,,,,,,,Kevin Mench,1978-01-07,,,Wilmington,DE,USA,
Carl Crawford,,,0.259,0.281,0.296,0.301,0.305,0.315,0.273,0.305,0.307,0.255,,0.283,0.3,,,,,,,,,Carl Crawford,1981-08-05,,,Houston,TX,USA,
Mark Bellhorn,,,0.258,0.221,0.264,0.21,0.19,,,,,,,,,,,,,,,,,Mark Bellhorn,1974-08-23,,,South Weymouth,MA,USA,
Toby Hall,,,0.258,0.253,0.255,0.287,0.259,,,,,,,,,,,,,,,,,Toby Hall,1975-10-21,,,Tacoma,WA,USA,
Aaron Rowand,,,0.258,,0.31,0.27,0.262,0.309,0.271,0.261,0.23,0.233,,,,,,,,,,,,Aaron Rowand,1977-08-29,,,Portland,OR,USA,
Corey Patterson,,,0.253,0.298,0.266,0.215,0.276,0.269,0.205,,0.269,0.239,,,,,,,,,,,,Corey Patterson,1979-08-13,,,Atlanta,GA,USA,
John McDonald,,,0.25,0.215,,,0.223,0.251,,,,0.229,,,,,,,,,,,,John McDonald,1883-01-27,,,Throop,PA,USA,
Nick Johnson,,,0.243,0.284,0.251,0.289,0.29,,,0.291,,,,,,,,,,,,,,Nick Johnson,1978-09-19,,,Sacramento,CA,USA,
Ramon Santiago,,,0.243,0.225,,,,,,0.267,0.263,0.26,0.206,0.224,,,,,,,,,,Ramon Santiago,1979-08-31,,,Las Matas de Farfan,San Juan,Dominican Republic,
Carlos Pena,,,0.242,0.248,0.241,0.235,,0.282,0.247,0.227,0.196,0.225,0.197,0.207,,,,,,,,,,Carlos Pena,1978-05-17,,,Santo Domingo,Distrito Nacional,Dominican Republic,
Cesar Izturis,,,0.232,0.251,0.288,0.257,,0.258,0.263,0.256,0.23,,,,,,,,,,,,,Cesar Izturis,1980-02-10,,,Barquisimeto,Lara,Venezuela,
Felipe Lopez,,,0.227,,0.242,0.291,0.274,0.245,0.283,0.31,0.233,,,,,,,,,,,,,Felipe Lopez,1980-05-12,,,Bayamon,SEE BIRTH COUNTRY,Puerto Rico,
Brandon Inge,,,0.202,0.203,0.287,0.261,0.253,0.236,0.205,0.23,0.247,0.197,0.218,,,,,,,,,,,Brandon Inge,1977-05-19,,,Lynchburg,VA,USA,
Scott Podsednik,,,,0.314,0.244,0.29,0.261,0.243,,0.304,0.297,,,,,,,,,,,,,Scott Podsednik,1976-03-18,,,West,TX,USA,
Jose Reyes,,,,0.307,0.255,0.273,0.3,0.28,0.297,,0.282,0.337,0.287,0.296,0.287,0.274,0.267,0.246,0.189,,,,,Jose Reyes,1983-06-11,,,Santiago,Santiago,Dominican Republic,
Marlon Byrd,,,,0.303,0.228,0.266,,0.307,0.298,0.283,0.293,0.276,,0.291,0.264,0.247,,,,,,,,Marlon Byrd,1977-08-30,,,Boynton Beach,FL,USA,
Hank Blalock,,,,0.3,0.276,0.263,0.266,0.293,0.287,0.234,,,,,,,,,,,,,,Hank Blalock,1980-11-21,,,San Diego,CA,USA,
Chone Figgins,,,,0.296,0.296,0.29,0.267,0.33,0.276,0.298,0.259,0.188,,,,,,,,,,,,Chone Figgins,1978-01-22,,,Leary,GA,USA,
Reed Johnson,,,,0.294,0.27,0.269,0.319,0.236,0.303,,0.262,0.309,0.29,,,,,,,,,,,Reed Johnson,1976-12-08,,,Riverside,CA,USA,
Morgan Ensberg,,,,0.291,0.275,0.283,0.235,0.23,,,,,,,,,,,,,,,,Morgan Ensberg,1975-08-26,,,Redondo Beach,CA,USA,
Angel Berroa,,,,0.287,0.262,0.27,0.234,,0.23,,,,,,,,,,,,,,,Angel Berroa,1978-01-27,,,Santo Domingo,Distrito Nacional,Dominican Republic,
Hideki Matsui,,,,0.287,0.298,0.305,,0.285,0.294,0.274,0.274,0.251,,,,,,,,,,,,Hideki Matsui,1974-06-12,,,Nomi,Ishikawa,Japan,
Lyle Overbay,,,,0.276,0.301,0.276,0.312,0.24,0.27,0.265,0.243,0.234,,0.24,0.233,,,,,,,,,Lyle Overbay,1977-01-28,,,Centralia,WA,USA,
Orlando Hudson,,,,0.268,0.27,0.271,0.287,0.294,0.305,0.283,0.268,0.246,0.204,,,,,,,,,,,Orlando Hudson,1977-12-12,,,Darlington,SC,USA,
Xavier Nady,,,,0.267,,0.261,0.28,0.278,0.305,,0.256,0.248,,,,,,,,,,,,Xavier Nady,1978-11-14,,,Salinas,CA,USA,
Coco Crisp,,,,0.266,0.297,0.3,0.264,0.268,0.283,,0.279,0.264,0.259,0.261,0.246,,0.231,,,,,,,Coco Crisp,1979-11-01,,,Los Angeles,CA,USA,
Eric Byrnes,,,,0.263,0.283,0.226,0.267,0.286,0.209,0.226,,,,,,,,,,,,,,Eric Byrnes,1976-02-16,,,Redwood City,CA,USA,
Joe Crede,,,,0.261,0.239,0.252,0.283,,0.248,0.225,,,,,,,,,,,,,,Joe Crede,1978-04-26,,,Jefferson City,MO,USA,
Jamey Carroll,,,,0.26,0.289,0.251,0.3,0.225,0.277,0.276,0.291,0.29,0.268,0.211,,,,,,,,,,Jamey Carroll,1974-02-18,,,Evansville,IN,USA,
Mark Teixeira,,,,0.259,0.281,0.301,0.282,0.306,0.308,0.292,0.256,0.248,0.251,,0.216,0.255,0.204,,,,,,,Mark Teixeira,1980-04-11,,,Annapolis,MD,USA,
Casey Blake,,,,0.257,0.271,0.241,0.282,0.27,0.274,0.28,0.248,0.252,,,,,,,,,,,,Casey Blake,1973-08-23,,,Des Moines,IA,USA,
Adam Everett,,,,0.256,0.273,0.248,0.239,0.232,,0.238,,,,,,,,,,,,,,Adam Everett,1977-02-02,,,Austell,GA,USA,
Ty Wigginton,,,,0.255,0.261,,0.275,0.278,0.285,0.273,0.248,0.242,0.235,,,,,,,,,,,Ty Wigginton,1977-10-11,,,San Diego,CA,USA,
Travis Hafner,,,,0.254,0.311,0.305,0.308,0.266,,0.272,0.278,0.28,0.228,0.202,,,,,,,,,,Travis Hafner,1977-06-03,,,Jamestown,ND,USA,
Endy Chavez,,,,0.251,0.277,,0.306,,0.267,,,0.301,,0.267,0.276,,,,,,,,,Endy Chavez,1978-02-07,,,Valencia,Carabobo,Venezuela,
Ben Broussard,,,,0.249,0.275,0.255,0.289,0.275,,,,,,,,,,,,,,,,Ben Broussard,1976-09-24,,,Beaumont,TX,USA,
Craig Monroe,,,,0.24,0.293,0.277,0.255,0.219,,,,,,,,,,,,,,,,Craig Monroe,1977-02-27,,,Texarkana,TX,USA,
Miguel Olivo,,,,0.237,0.233,0.217,0.263,0.237,0.255,0.249,0.269,0.224,0.222,,,,,,,,,,,Miguel Olivo,1978-07-15,,,Villa Vasquez,Monte Cristi,Dominican Republic,
Jhonny Peralta,,,,0.227,,0.292,0.257,0.27,0.276,0.254,0.249,0.299,0.239,0.303,0.263,0.275,0.26,,,,,,,Jhonny Peralta,1982-05-28,,,Santiago,Santiago,Dominican Republic,
Omar Infante,,,,0.222,0.264,0.222,0.277,,0.293,0.305,0.321,0.276,0.274,0.318,0.252,0.22,,,,,,,,Omar Infante,1981-12-26,,,Puerto La Cruz,Anzoategui,Venezuela,
Rod Barajas,,,,0.218,0.249,0.254,0.256,,0.249,0.226,0.24,0.23,0.206,,,,,,,,,,,Rod Barajas,1975-09-05,,,Ontario,CA,USA,
Brandon Phillips,,,,0.208,,,0.276,0.288,0.261,0.276,0.275,0.3,0.281,0.261,0.266,0.294,0.291,0.285,,,,,,Brandon Phillips,1981-06-28,,,Raleigh,NC,USA,
Juan Rivera,,,,,0.307,0.271,0.31,,0.246,0.287,0.252,0.258,0.244,,,,,,,,,,,Juan Rivera,1978-07-03,,,Guarenas,Miranda,Venezuela,
Aaron Miles,,,,,0.293,0.281,0.263,0.29,0.317,,,0.275,,,,,,,,,,,,Aaron Miles,1976-12-15,,,Pittsburg,CA,USA,
David Wright,,,,,0.293,0.306,0.311,0.325,0.302,0.307,0.283,0.254,0.306,0.307,0.269,,,,,,,,,David Wright,1982-12-20,,,Norfolk,VA,USA,
Matt Holliday,,,,,0.29,0.307,0.326,0.34,0.321,0.313,0.312,0.296,0.295,0.3,0.272,0.279,0.246,0.231,,,,,,Matt Holliday,1980-01-15,,,Stillwater,OK,USA,
David DeJesus,,,,,0.287,0.293,0.295,0.26,0.307,0.281,0.318,0.24,0.263,0.251,0.248,0.233,,,,,,,,David DeJesus,1979-12-20,,,Brooklyn,NY,USA,
Alex Rios,,,,,0.286,0.262,0.302,0.297,0.291,0.247,0.284,0.227,0.304,0.278,0.28,0.255,,,,,,,,Alex Rios,1981-02-18,,,Coffee,AL,USA,
Chad Tracy,,,,,0.285,0.308,0.281,0.264,0.267,0.237,,,,,,,,,,,,,,Chad Tracy,1980-05-22,,,Charlotte,NC,USA,
Victor Martinez,,,,,0.283,0.305,0.316,0.301,0.278,0.303,0.302,0.33,,0.301,0.335,0.245,0.289,0.255,0.251,,,,,Victor Martinez,1978-12-23,,,Ciudad Bolivar,Bolivar,Venezuela,
Jason Bay,,,,,0.282,0.306,0.286,0.247,0.286,0.267,0.259,0.245,,0.204,,,,,,,,,,Jason Bay,1978-09-20,,,Trail,BC,Canada,
Adam LaRoche,,,,,0.278,0.259,0.285,0.272,0.27,0.277,0.261,,0.271,0.237,0.259,0.207,,,,,,,,Adam LaRoche,1979-11-06,,,Orange County,CA,USA,
Jason Michaels,,,,,0.274,0.304,0.267,0.27,0.224,,,,,,,,,,,,,,,Jason Michaels,1976-05-04,,,Tampa,FL,USA,
Marco Scutaro,,,,,0.273,0.247,0.266,0.26,0.267,0.282,0.275,0.299,0.306,0.297,,,,,,,,,,Marco Scutaro,1975-10-30,,,San Felipe,Yaracuy,Venezuela,
Khalil Greene,,,,,0.273,0.25,0.245,0.254,0.213,,,,,,,,,,,,,,,Khalil Greene,1979-10-21,,,Butler,PA,USA,
Kazuo Matsui,,,,,0.272,0.255,0.267,0.288,0.293,0.25,,,,,,,,,,,,,,Kazuo Matsui,1975-10-23,,,Higashi-Osaka,Osaka,Japan,
Justin Morneau,,,,,0.271,0.239,0.321,0.271,0.3,0.274,0.345,0.227,0.267,0.259,0.319,,0.261,,,,,,,Justin Morneau,1981-05-15,,,New Westminster,BC,Canada,
Chase Utley,,,,,0.266,0.291,0.309,0.332,0.292,0.282,0.275,0.259,0.256,0.284,0.27,0.212,0.252,0.236,,,,,,Chase Utley,1978-12-17,,,Pasadena,CA,USA,
Michael Cuddyer,,,,,0.263,0.263,0.284,0.276,0.249,0.276,0.271,0.284,0.26,0.331,,0.259,,,,,,,,Michael Cuddyer,1979-03-27,,,Norfolk,VA,USA,
Jayson Werth,,,,,0.262,0.234,,0.298,0.273,0.268,0.296,0.232,0.3,0.318,0.292,0.221,0.244,0.226,,,,,,Jayson Werth,1979-05-20,,,Springfield,IL,USA,
Willie Harris,,,,,0.262,,,0.27,0.251,0.235,0.183,0.246,,,,,,,,,,,,Willie Harris,1978-06-22,,,Cairo,GA,USA,
José Molina,,,,,0.261,,0.24,,0.216,,,,0.223,0.233,0.178,,,,,,,,,José Molina,#N/A,,,#N/A,#N/A,#N/A,
Kevin Youkilis,,,,,0.26,,0.279,0.288,0.312,0.305,0.307,0.258,0.235,,,,,,,,,,,Kevin Youkilis,1979-03-15,,,Cincinnati,OH,USA,
Jose Castillo,,,,,0.256,0.268,0.253,0.244,0.246,,,,,,,,,,,,,,,Jose Castillo,1981-03-19,,,Las Mercedes,Guarico,Venezuela,
Scott Hairston,,,,,0.248,,,0.243,0.248,0.265,0.21,,0.263,,,,,,,,,,,Scott Hairston,1980-05-25,,,Fort Worth,TX,USA,
Bobby Crosby,,,,,0.239,0.276,0.229,0.226,0.237,0.223,,,,,,,,,,,,,,Bobby Crosby,1980-01-12,,,Lakewood,CA,USA,
Bill Hall,,,,,0.238,0.291,0.27,0.254,0.225,0.201,0.247,,,,,,,,,,,,,Bill Hall,1894-02-22,,,Charleston,WV,USA,
John Buck,,,,,0.235,0.242,0.245,0.222,0.224,,0.281,0.227,0.192,0.222,,,,,,,,,,John Buck,1980-07-07,,,Kemmerer,WY,USA,
Jose Lopez,,,,,0.232,,0.282,0.252,0.297,0.272,0.239,0.216,0.246,,,,,,,,,,,Jose Lopez,1983-11-24,,,Barcelona,Anzoategui,Venezuela,
Wilson Betemit,,,,,,0.305,0.263,0.229,,,0.297,0.285,0.261,,,,,,,,,,,Wilson Betemit,1981-11-02,,,Santo Domingo,Distrito Nacional,Dominican Republic,
Jeff Francoeur,,,,,,0.3,0.26,0.293,0.239,0.28,0.249,0.285,0.235,0.204,,0.258,0.254,,,,,,,Jeff Francoeur,1984-01-08,,,Atlanta,GA,USA,
Robinson Cano,,,,,,0.297,0.342,0.306,0.271,0.32,0.319,0.302,0.313,0.314,0.314,0.287,0.298,0.28,0.303,0.256,,,,Robinson Cano,1982-10-22,,,San Pedro de Macoris,San Pedro de Macoris,Dominican Republic,
Joe Mauer,,,,,,0.294,0.347,0.293,0.328,0.365,0.327,0.287,0.319,0.324,0.277,0.265,0.261,0.305,0.282,,,,,Joe Mauer,1983-04-19,,,St. Paul,MN,USA,
Freddy Sanchez,,,,,,0.291,0.344,0.304,0.271,0.293,0.292,0.289,,,,,,,,,,,,Freddy Sanchez,1977-12-21,,,Hollywood,CA,USA,
Willy Taveras,,,,,,0.291,0.278,0.32,0.251,0.24,,,,,,,,,,,,,,Willy Taveras,1981-12-25,,,Tenares,Hermanas Mirabal,Dominican Republic,
Clint Barmes,,,,,,0.289,0.22,,0.29,0.245,0.235,0.244,0.229,0.211,,0.232,,,,,,,,Clint Barmes,1979-03-06,,,Vincennes,IN,USA,
Grady Sizemore,,,,,,0.289,0.29,0.277,0.268,0.248,,0.224,,,0.233,0.253,,,,,,,,Grady Sizemore,1982-08-02,,,Seattle,WA,USA,
Ryan Howard,,,,,,0.288,0.313,0.268,0.251,0.279,0.276,0.253,0.219,0.266,0.223,0.229,0.196,,,,,,,Ryan Howard,1979-11-19,,,St. Louis,MO,USA,
Garrett Atkins,,,,,,0.287,0.329,0.301,0.286,0.226,,,,,,,,,,,,,,Garrett Atkins,1979-12-12,,,Orange,CA,USA,
Ryan Church,,,,,,0.287,,0.272,0.276,0.273,0.201,,,,,,,,,,,,,Ryan Church,1978-10-14,,,Santa Barbara,CA,USA,
Jorge Cantú,,,,,,0.286,0.249,,0.277,0.289,0.256,,,,,,,,,,,,,Jorge Cantú,#N/A,,,#N/A,#N/A,#N/A,
Jonny Gomes,,,,,,0.282,0.216,0.244,,0.267,0.266,0.209,0.262,0.247,0.234,0.213,,,,,,,,Jonny Gomes,1980-11-22,,,Petaluma,CA,USA,
Michael Morse,,,,,,0.278,,,,,0.289,0.303,0.291,0.215,0.279,0.231,,,,,,,,Michael Morse,#N/A,,,#N/A,#N/A,#N/A,
Aaron Hill,,,,,,0.274,0.291,0.291,0.263,0.286,0.205,0.246,0.302,0.291,0.244,0.23,0.262,,,,,,,Aaron Hill,1982-03-21,,,Visalia,CA,USA,
Brad Hawpe,,,,,,0.262,0.293,0.291,0.283,0.285,0.245,,,,,,,,,,,,,Brad Hawpe,1979-06-22,,,Fort Worth,TX,USA,
Willie Bloomquist,,,,,,0.257,0.247,,,0.265,,0.266,0.302,,,,,,,,,,,Willie Bloomquist,1977-11-27,,,Bremerton,WA,USA,
Yuniesky Betancourt,,,,,,0.256,0.289,0.289,0.279,0.245,0.259,0.252,0.228,0.212,,,,,,,,,,Yuniesky Betancourt,1982-01-31,,,Santa Clara,Villa Clara,Cuba,
Ryan Doumit,,,,,,0.255,,0.274,0.318,0.25,0.251,0.303,0.275,0.247,,,,,,,,,,Ryan Doumit,1981-04-03,,,Moses Lake,WA,USA,
J.J. Hardy,,,,,,0.247,,0.277,0.283,0.229,0.268,0.269,0.238,0.263,0.268,0.219,0.269,0.217,,,,,,J.J. Hardy,#N/A,,,#N/A,#N/A,#N/A,
Mark Teahen,,,,,,0.246,0.29,0.285,0.255,0.271,0.258,,,,,,,,,,,,,Mark Teahen,1981-09-06,,,Redlands,CA,USA,
Jason Bartlett,,,,,,0.241,0.309,0.265,0.286,0.32,0.254,0.245,,,,,,,,,,,,Jason Bartlett,1979-10-30,,,Mountain View,CA,USA,
Kelly Johnson,,,,,,0.241,,0.276,0.287,0.224,0.284,0.222,0.225,0.235,0.215,0.265,0.247,,,,,,,Kelly Johnson,1982-02-22,,,Austin,TX,USA,
Nick Punto,,,,,,0.239,0.29,0.21,0.284,0.228,0.238,,,0.255,,,,,,,,,,Nick Punto,1977-11-08,,,San Diego,CA,USA,
Rickie Weeks,,,,,,0.239,0.279,0.235,0.234,,0.269,0.269,0.23,0.209,0.274,,,,,,,,,Rickie Weeks,1982-09-13,,,Altamonte Springs,FL,USA,
Nick Swisher,,,,,,0.236,0.254,0.262,0.219,0.249,0.288,0.26,0.272,0.246,0.208,0.196,,,,,,,,Nick Swisher,1980-11-25,,,Columbus,OH,USA,
Yorvit Torrealba,,,,,,0.234,0.247,0.255,0.246,0.291,0.271,0.273,,,,,,,,,,,,Yorvit Torrealba,1978-07-19,,,Caracas,Distrito Federal,Venezuela,
Edwin Encarnacion,,,,,,0.232,0.276,0.289,0.251,0.225,0.244,0.272,0.28,0.272,0.268,0.277,0.263,0.258,0.246,0.244,,,,Edwin Encarnacion,1983-01-07,,,La Romana,La Romana,Dominican Republic,
Chris Snyder,,,,,,0.202,,0.252,0.237,,0.207,,0.176,,,,,,,,,,,Chris Snyder,1981-02-12,,,Houston,TX,USA,
Luke Scott,,,,,,,0.336,0.255,0.257,0.258,0.284,0.22,0.229,0.241,,,,,,,,,,Luke Scott,1978-06-25,,,De Leon Springs,FL,USA,
Brian McCann,,,,,,,0.333,0.27,0.301,0.281,0.269,0.27,0.23,0.256,0.232,0.232,0.242,0.241,,0.249,,,,Brian McCann,1984-02-20,,,Athens,GA,USA,
Matt Diaz,,,,,,,0.327,0.338,,0.313,0.25,0.263,,,,,,,,,,,,Matt Diaz,1978-03-03,,,Portland,OR,USA,
Stephen Drew,,,,,,,0.316,0.238,0.291,0.261,0.278,0.252,0.223,0.253,0.162,0.201,,,,,,,,Stephen Drew,1983-03-16,,,Hahira,GA,USA,
Ronny Paulino,,,,,,,0.31,0.263,,0.272,0.259,0.268,,,,,,,,,,,,Ronny Paulino,1981-04-21,,,Santo Domingo,Distrito Nacional,Dominican Republic,
Andre Ethier,,,,,,,0.308,0.284,0.305,0.272,0.292,0.292,0.284,0.272,0.249,0.294,,,,,,,,Andre Ethier,1982-04-10,,,Phoenix,AZ,USA,
Adrian Gonzalez,,,,,,,0.304,0.282,0.279,0.277,0.298,0.338,0.299,0.293,0.276,0.275,0.285,0.242,,,,,,Adrian Gonzalez,1982-05-08,,,San Diego,CA,USA,
Gerald Laird,,,,,,,0.296,0.224,0.276,0.225,0.207,,,,,,,,,,,,,Gerald Laird,1979-11-13,,,Garden Grove,CA,USA,
Maicer Izturis,,,,,,,0.293,0.289,0.269,0.3,0.25,0.276,0.256,0.236,,,,,,,,,,Maicer Izturis,1980-09-12,,,Barquisimeto,Lara,Venezuela,
Hanley Ramirez,,,,,,,0.292,0.332,0.301,0.342,0.3,0.243,0.257,0.345,0.283,0.249,0.286,0.242,,,,,,Hanley Ramirez,1983-12-23,,,Samana,Samana,Dominican Republic,
Conor Jackson,,,,,,,0.291,0.284,0.3,,0.236,0.244,,,,,,,,,,,,Conor Jackson,1982-05-07,,,Austin,TX,USA,
Shane Victorino,,,,,,,0.287,0.281,0.293,0.292,0.259,0.279,0.255,0.294,,,,,,,,,,Shane Victorino,1980-11-30,,,Wailuku,HI,USA,
Ian Kinsler,,,,,,,0.286,0.263,0.319,0.253,0.286,0.255,0.256,0.277,0.275,0.296,0.288,0.236,0.24,0.217,,,,Ian Kinsler,1982-06-22,,,Tucson,AZ,USA,
Corey Hart,,,,,,,0.283,0.295,0.268,0.26,0.283,0.285,0.27,,0.203,,,,,,,,,Corey Hart,1982-03-24,,,Bowling Green,KY,USA,
Russell Martin,,,,,,,0.282,0.293,0.28,0.25,0.248,0.237,0.211,0.226,0.29,0.24,0.231,0.221,0.194,0.22,,,,Russell Martin,1983-02-15,,,East York,ON,Canada,
Dan Uggla,,,,,,,0.282,0.245,0.26,0.243,0.287,0.233,0.22,0.179,,,,,,,,,,Dan Uggla,1980-03-11,,,Louisville,KY,USA,
Melky Cabrera,,,,,,,0.28,0.273,0.249,0.274,0.255,0.305,0.346,0.279,0.301,0.273,0.296,0.285,0.28,0.28,,,,Melky Cabrera,1984-08-11,,,Santo Domingo,Distrito Nacional,Dominican Republic,
Josh Willingham,,,,,,,0.277,0.265,0.254,0.26,0.268,0.246,0.26,0.208,0.215,,,,,,,,,Josh Willingham,1979-02-17,,,Florence,AL,USA,
Prince Fielder,,,,,,,0.271,0.288,0.276,0.299,0.261,0.299,0.313,0.279,,0.305,0.212,,,,,,,Prince Fielder,1984-05-09,,,Ontario,CA,USA,
Curtis Granderson,,,,,,,0.26,0.302,0.28,0.249,0.247,0.262,0.232,0.229,0.227,0.259,0.237,0.212,0.242,0.183,,,,Curtis Granderson,1981-03-16,,,Blue Island,IL,USA,
Marcus Thames,,,,,,,0.256,0.242,0.241,0.252,0.288,,,,,,,,,,,,,Marcus Thames,1977-03-06,,,Louisville,MS,USA,
Dioner Navarro,,,,,,,0.254,0.227,0.295,0.218,,,,0.3,0.274,,0.207,,,,,,,Dioner Navarro,1984-02-09,,,Caracas,Distrito Federal,Venezuela,
Jeremy Hermida,,,,,,,0.251,0.296,0.249,0.259,0.216,,,,,,,,,,,,,Jeremy Hermida,1984-01-30,,,Atlanta,GA,USA,
Ronny Cedeno,,,,,,,0.245,,0.269,0.208,0.256,0.249,,0.242,,,,,,,,,,Ronny Cedeno,1983-02-02,,,Puerto Cabello,Carabobo,Venezuela,
Jason Kubel,,,,,,,0.241,0.273,0.272,0.3,0.249,0.273,0.253,0.216,,,,,,,,,,Jason Kubel,1982-05-25,,,Belle Fourche,SD,USA,
Jose Bautista,,,,,,,0.235,0.254,0.238,0.235,0.26,0.302,0.241,0.259,0.286,0.25,0.234,0.203,0.203,,,,,Jose Bautista,1964-07-25,,,Bani,Peravia,Dominican Republic,
Nate McLouth,,,,,,,0.233,0.258,0.276,0.256,0.19,0.228,0.241,0.258,,,,,,,,,,Nate McLouth,1981-10-28,,,Muskegon,MI,USA,
Mike Napoli,,,,,,,0.228,0.247,0.273,0.272,0.238,0.32,0.227,0.259,0.248,0.224,0.239,0.193,,,,,,Mike Napoli,1981-10-31,,,Hollywood,FL,USA,
Cody Ross,,,,,,,0.227,,0.26,0.27,0.269,0.24,0.267,0.278,0.252,,,,,,,,,Cody Ross,1980-12-23,,,Portales,NM,USA,
Jeff Keppinger,,,,,,,,0.332,0.266,0.256,0.288,0.277,0.325,0.253,,,,,,,,,,Jeff Keppinger,1980-04-21,,,Miami,FL,USA,
James Loney,,,,,,,,0.331,0.289,0.281,0.267,0.288,0.249,0.299,0.29,0.28,0.265,,,,,,,James Loney,1984-05-07,,,Houston,TX,USA,
Yunel Escobar,,,,,,,,0.326,0.288,0.299,0.256,0.29,0.253,0.256,0.258,0.314,0.304,0.274,,,,,,Yunel Escobar,1982-11-02,,,La Habana,La Habana,Cuba,
Hunter Pence,,,,,,,,0.322,0.269,0.282,0.282,0.314,0.253,0.283,0.277,0.275,0.289,0.26,0.226,0.297,,,,Hunter Pence,1983-04-13,,,Fort Worth,TX,USA,
B.J. Upton,,,,,,,,0.3,0.273,0.241,0.237,0.243,0.246,0.184,0.208,0.259,0.238,,,,,,,B.J. Upton,#N/A,,,#N/A,#N/A,#N/A,
Casey Kotchman,,,,,,,,0.296,0.272,0.268,0.217,0.306,0.229,,,,,,,,,,,Casey Kotchman,1983-02-22,,,St. Petersburg,FL,USA,
Josh Hamilton,,,,,,,,0.292,0.304,0.268,0.359,0.298,0.285,0.25,0.263,,,,,,,,,Josh Hamilton,1981-05-21,,,Raleigh,NC,USA,
Billy Butler,,,,,,,,0.292,0.275,0.301,0.318,0.291,0.313,0.289,0.271,0.251,0.284,,,,,,,Billy Butler,1986-04-18,,,Orange Park,FL,USA,
Troy Tulowitzki,,,,,,,,0.291,0.263,0.297,0.315,0.302,,0.312,0.34,0.28,0.254,0.249,,,,,,Troy Tulowitzki,1984-10-10,,,Santa Clara,CA,USA,
Delmon Young,,,,,,,,0.288,0.29,0.284,0.298,0.268,0.267,0.26,0.302,,,,,,,,,Delmon Young,1985-09-14,,,Birmingham,AL,USA,
Mark Reynolds,,,,,,,,0.279,0.239,0.26,0.198,0.221,0.221,0.22,0.196,0.23,0.282,0.267,0.248,,,,,Mark Reynolds,1983-08-03,,,Pikeville,KY,USA,
Mike Fontenot,,,,,,,,0.278,0.305,0.236,0.283,0.227,,,,,,,,,,,,Mike Fontenot,1980-06-09,,,Slidell,LA,USA,
Kevin Kouzmanoff,,,,,,,,0.275,0.26,0.255,0.247,0.235,,,,,,,,,,,,Kevin Kouzmanoff,1981-07-25,,,Newport Beach,CA,USA,
Greg Dobbs,,,,,,,,0.272,0.301,,,0.275,0.285,0.228,,,,,,,,,,Greg Dobbs,1978-07-02,,,Los Angeles,CA,USA,
Ryan Ludwick,,,,,,,,0.267,0.299,0.265,0.251,0.237,0.275,,0.244,,,,,,,,,Ryan Ludwick,1978-07-13,,,Satellite Beach,FL,USA,
Franklin Gutierrez,,,,,,,,0.266,0.248,0.283,0.245,0.224,,,,,0.246,,,,,,,Franklin Gutierrez,1983-02-21,,,Caracas,Distrito Federal,Venezuela,
Ryan Theriot,,,,,,,,0.266,0.307,0.284,0.27,0.271,0.27,,,,,,,,,,,Ryan Theriot,1979-12-07,,,Baton Rouge,LA,USA,
Jarrod Saltalamacchia,,,,,,,,0.266,,0.233,,0.235,0.222,0.273,0.22,,0.171,,,,,,,Jarrod Saltalamacchia,1985-05-02,,,West Palm Beach,FL,USA,
Carlos Ruiz,,,,,,,,0.259,0.219,0.255,0.302,0.283,0.325,0.268,0.252,0.211,0.264,,,,,,,Carlos Ruiz,1979-01-22,,,David,Chiriqui,Panama,
Jack Cust,,,,,,,,0.256,0.231,0.24,0.272,0.213,,,,,,,,,,,,Jack Cust,1979-01-16,,,Flemington,NJ,USA,
Adam Lind,,,,,,,,0.238,0.282,0.305,0.237,0.251,0.255,0.288,0.321,0.277,0.239,0.303,,,,,,Adam Lind,1983-07-17,,,Muncie,IN,USA,
Chris Young,,,,,,,,0.237,0.248,0.212,0.257,0.236,0.231,0.2,0.222,0.252,0.276,0.235,,,,,,Chris Young,1979-05-25,,,Dallas,TX,USA,
Miguel Montero,,,,,,,,0.224,,0.294,0.266,0.282,0.286,0.23,0.243,0.248,0.216,,,,,,,Miguel Montero,1983-07-09,,,Caracas,Distrito Federal,Venezuela,
Carlos Quentin,,,,,,,,0.214,0.288,0.236,0.243,0.254,0.261,0.275,,,,,,,,,,Carlos Quentin,1982-08-28,,,Bellflower,CA,USA,
Mike Aviles,,,,,,,,,0.325,,0.304,0.255,0.25,0.252,0.247,0.231,,,,,,,,Mike Aviles,1981-03-13,,,New York,NY,USA,
Martin Prado,,,,,,,,,0.32,0.307,0.307,0.26,0.301,0.282,0.282,0.288,0.305,,,0.233,,,,Martin Prado,1983-10-27,,,Maracay,Aragua,Venezuela,
Alberto Callaspo,,,,,,,,,0.305,0.3,0.265,0.288,0.252,0.258,0.223,0.235,,,,,,,,Alberto Callaspo,1983-04-19,,,Maracay,Aragua,Venezuela,
Skip Schumaker,,,,,,,,,0.302,0.303,0.265,0.283,0.276,0.263,0.235,0.242,,,,,,,,Skip Schumaker,1980-02-03,,,Torrance,CA,USA,
Denard Span,,,,,,,,,0.294,0.311,0.264,0.264,0.283,0.279,0.302,0.301,0.266,0.272,0.261,,,,,Denard Span,1984-02-27,,,Tampa,FL,USA,
Alexei Ramirez,,,,,,,,,0.29,0.277,0.282,0.269,0.265,0.284,0.273,0.249,0.241,,,,,,,Alexei Ramirez,#N/A,,,#N/A,#N/A,#N/A,
Ryan Sweeney,,,,,,,,,0.286,0.293,0.294,0.265,0.26,,0.251,,,,,,,,,Ryan Sweeney,1985-02-20,,,Cedar Rapids,IA,USA,
Geovany Soto,,,,,,,,,0.285,0.218,0.28,0.228,0.198,,,,,,,,,,,Geovany Soto,1983-01-20,,,San Juan,SEE BIRTH COUNTRY,Puerto Rico,
Jacoby Ellsbury,,,,,,,,,0.28,0.301,,0.321,0.271,0.298,0.271,0.257,0.263,0.264,,,,,,Jacoby Ellsbury,1983-09-11,,,Madras,OR,USA,
Erick Aybar,,,,,,,,,0.277,0.312,0.253,0.279,0.29,0.271,0.278,0.27,0.243,0.234,,,,,,Erick Aybar,1984-01-14,,,Bani,Peravia,Dominican Republic,
David Murphy,,,,,,,,,0.275,0.269,0.291,0.275,0.304,0.22,0.262,0.283,,,,,,,,David Murphy,1981-10-18,,,Houston,TX,USA,
Adam Jones,,,,,,,,,0.27,0.277,0.284,0.28,0.287,0.285,0.281,0.269,0.265,0.285,0.281,0.26,,,,Adam Jones,1985-08-01,,,San Diego,CA,USA,
Chase Headley,,,,,,,,,0.269,0.262,0.264,0.289,0.286,0.25,0.243,0.259,0.251,0.273,,,,,,Chase Headley,1984-05-09,,,Fountain,CO,USA,
Jeff Baker,,,,,,,,,0.268,0.288,0.272,0.269,,,0.264,,,,,,,,,Jeff Baker,1981-06-21,,,Bad Kissingen,Bavaria,Germany,
Chris Iannetta,,,,,,,,,0.264,0.228,,0.238,0.24,0.225,0.252,0.188,0.21,0.254,0.224,,,,,Chris Iannetta,1983-04-08,,,Providence,RI,USA,
Asdrubal Cabrera,,,,,,,,,0.259,0.308,0.276,0.273,0.27,0.242,0.241,0.265,0.28,0.28,0.262,0.26,,,,Asdrubal Cabrera,1985-11-13,,,Puerto La Cruz,Anzoategui,Venezuela,
Carlos Gomez,,,,,,,,,0.258,0.229,0.247,0.225,0.26,0.284,0.284,0.255,0.231,0.255,0.208,,,,,Carlos Gomez,1985-12-04,,,Santiago,Santiago,Dominican Republic,
Gregor Blanco,,,,,,,,,0.251,,0.283,,0.244,0.265,0.26,0.291,0.224,0.246,,,,,,Gregor Blanco,1983-12-24,,,Caracas,Distrito Federal,Venezuela,
Brandon Moss,,,,,,,,,0.246,0.236,,,0.291,0.256,0.234,0.226,0.225,0.207,,,,,,Brandon Moss,1983-09-16,,,Monroe,GA,USA,
Rajai Davis,,,,,,,,,0.243,0.305,0.284,0.238,0.257,0.26,0.282,0.258,0.249,0.235,,,,,,Rajai Davis,1980-10-19,,,Norwich,CT,USA,
Carlos Gonzalez,,,,,,,,,0.242,0.284,0.336,0.295,0.303,0.302,0.238,0.271,0.298,0.262,0.276,,,,,Carlos Gonzalez,1985-10-17,,,Maracaibo,Zulia,Venezuela,
Michael Bourn,,,,,,,,,0.229,0.285,0.265,0.294,0.274,0.263,0.257,0.238,0.264,,,,,,,Michael Bourn,1982-12-27,,,Houston,TX,USA,
Chris Coghlan,,,,,,,,,,0.321,0.268,0.23,,,0.283,0.25,0.188,,,,,,,Chris Coghlan,1985-06-18,,,Rockville,MD,USA,
Kendrys Morales,,,,,,,,,,0.306,,,0.273,0.277,0.218,0.29,0.263,0.25,0.249,,,,,Kendrys Morales,1983-06-20,,,Fomento,Sancti Spiritus,Cuba,
Angel Pagan,,,,,,,,,,0.306,0.29,0.262,0.288,0.282,0.3,0.262,0.277,,,,,,,Angel Pagan,1981-07-02,,,Rio Piedras,SEE BIRTH COUNTRY,Puerto Rico,
Casey McGehee,,,,,,,,,,0.301,0.285,0.223,0.217,,0.287,0.198,,,,,,,,Casey McGehee,1982-10-12,,,Santa Cruz,CA,USA,
Ben Zobrist,,,,,,,,,,0.297,0.238,0.269,0.27,0.275,0.272,0.276,0.272,0.232,0.305,,,,,Ben Zobrist,1981-05-26,,,Eureka,IL,USA,
Garrett Jones,,,,,,,,,,0.293,0.247,0.243,0.274,0.233,0.246,,,,,,,,,Garrett Jones,1981-06-21,,,Harvey,IL,USA,
Seth Smith,,,,,,,,,,0.293,0.246,0.284,0.24,0.253,0.266,0.248,0.249,0.258,,,,,,Seth Smith,1982-09-30,,,Jackson,MS,USA,
Brendan Ryan,,,,,,,,,,0.292,0.223,0.248,0.194,0.197,,,,,,,,,,Brendan Ryan,1982-03-26,,,Los Angeles,CA,USA,
Ryan Raburn,,,,,,,,,,0.291,0.28,0.256,0.171,0.272,,,0.22,,,,,,,Ryan Raburn,1981-04-17,,,Tampa,FL,USA,
Gerardo Parra,,,,,,,,,,0.29,0.261,0.292,0.273,0.268,0.261,0.291,0.253,0.309,0.284,0.234,,,,Gerardo Parra,1987-05-06,,,Santa Barbara,Zulia,Venezuela,
Cliff Pennington,,,,,,,,,,0.279,0.25,0.264,0.215,0.242,,0.21,,,,,,,,Cliff Pennington,1984-06-15,,,Corpus Christi,TX,USA,
Gordon Beckham,,,,,,,,,,0.27,0.252,0.23,0.234,0.267,0.226,0.209,0.212,,,0.215,,,,Gordon Beckham,1986-09-16,,,Atlanta,GA,USA,
Nate Schierholtz,,,,,,,,,,0.267,0.242,0.278,0.257,0.251,0.195,,,,,,,,,Nate Schierholtz,1984-02-15,,,Reno,NV,USA,
Ryan Hanigan,,,,,,,,,,0.263,0.3,0.267,0.274,0.198,0.218,,,,,,,,,Ryan Hanigan,1980-08-16,,,Washington,DC,USA,
Will Venable,,,,,,,,,,0.256,0.245,0.246,0.264,0.268,0.224,0.244,,,,,,,,Will Venable,1982-10-29,,,Greenbrae,CA,USA,
Everth Cabrera,,,,,,,,,,0.255,0.208,,0.246,0.283,0.232,,,,,,,,,Everth Cabrera,1986-11-17,,,Nandaime,Granada,Nicaragua,
Emilio Bonifacio,,,,,,,,,,0.252,,0.296,0.258,0.243,0.259,,,,,,,,,Emilio Bonifacio,1985-04-23,,,Santo Domingo,Distrito Nacional,Dominican Republic,
Colby Rasmus,,,,,,,,,,0.251,0.276,0.225,0.223,0.276,0.225,0.238,0.206,,,,,,,Colby Rasmus,1986-08-11,,,Columbus,GA,USA,
Luis Valbuena,,,,,,,,,,0.25,0.193,,0.219,0.218,0.249,0.224,0.26,0.199,0.199,,,,,Luis Valbuena,1985-11-30,,,Caja Seca,Zulia,Venezuela,
Travis Snider,,,,,,,,,,0.241,0.255,,,0.215,0.264,0.232,,,,,,,,Travis Snider,1988-02-02,,,Kirkland,WA,USA,
Nick Hundley,,,,,,,,,,0.238,0.249,0.288,0.157,0.233,0.243,0.301,0.26,0.244,0.241,,,,,Nick Hundley,1983-09-08,,,Corvallis,OR,USA,
Danny Valencia,,,,,,,,,,,0.311,0.246,,,0.258,0.29,0.287,0.256,0.263,,,,,Danny Valencia,1984-09-19,,,Miami,FL,USA,
Chris Johnson,,,,,,,,,,,0.308,0.251,0.281,0.321,0.263,0.255,0.222,,,,,,,Chris Johnson,1984-10-01,,,Naples,FL,USA,
Neil Walker,,,,,,,,,,,0.296,0.273,0.28,0.251,0.271,0.269,0.282,0.265,0.219,0.261,,,,Neil Walker,1985-09-10,,,Pittsburgh,PA,USA,
David Freese,,,,,,,,,,,0.296,0.297,0.293,0.262,0.26,0.257,0.27,0.263,0.296,,,,,David Freese,1983-04-28,,,Corpus Christi,TX,USA,
Austin Jackson,,,,,,,,,,,0.293,0.249,0.3,0.272,0.256,0.267,,0.318,0.245,,,,,Austin Jackson,1987-02-01,,,Denton,TX,USA,
Logan Morrison,,,,,,,,,,,0.283,0.247,0.23,0.242,0.262,0.225,0.238,0.246,0.186,,,,,Logan Morrison,1987-08-25,,,Kansas City,MO,USA,
Gaby Sanchez,,,,,,,,,,,0.273,0.266,0.217,0.254,0.229,,,,,,,,,Gaby Sanchez,1983-09-02,,,Miami,FL,USA,
Chris Denorfia,,,,,,,,,,,0.271,0.277,0.293,0.279,0.23,0.269,,,,,,,,Chris Denorfia,1980-07-15,,,Bristol,CT,USA,
Ike Davis,,,,,,,,,,,0.264,,0.227,0.205,0.233,0.229,,,,,,,,Ike Davis,1895-06-14,,,Pueblo,CO,USA,
John Jaso,,,,,,,,,,,0.263,0.224,0.276,0.271,0.264,,0.268,0.211,,,,,,John Jaso,1983-09-19,,,Chula Vista,CA,USA,
Pedro Alvarez,,,,,,,,,,,0.256,0.191,0.244,0.233,0.231,0.243,0.249,,,,,,,Pedro Alvarez,1987-02-06,,,Santo Domingo,Distrito Nacional,Dominican Republic,
Drew Stubbs,,,,,,,,,,,0.255,0.243,0.213,0.233,0.289,,,,,,,,,Drew Stubbs,1984-10-04,,,Atlanta,TX,USA,
Chris Heisey,,,,,,,,,,,0.254,0.254,0.265,0.237,0.222,,,,,,,,,Chris Heisey,1984-12-14,,,Mount Joy,PA,USA,
Sean Rodriguez,,,,,,,,,,,0.251,0.223,0.213,,0.211,0.246,0.27,,,,,,,Sean Rodriguez,1985-04-26,,,Miami,FL,USA,
Alcides Escobar,,,,,,,,,,,0.235,0.254,0.293,0.234,0.285,0.257,0.261,0.25,0.231,,,,,Alcides Escobar,1986-12-16,,,La Sabana,Vargas,Venezuela,
Justin Smoak,,,,,,,,,,,0.218,0.234,0.217,0.238,0.202,0.226,0.217,0.27,0.242,0.208,,,,Justin Smoak,1986-12-05,,,Goose Creek,SC,USA,
Ruben Tejada,,,,,,,,,,,0.213,0.284,0.289,0.202,0.237,0.261,,,,,,,,Ruben Tejada,1989-10-27,,,Santiago,Veraguas,Panama,
Michael Saunders,,,,,,,,,,,0.211,,0.247,0.236,0.273,,0.253,0.202,,,,,,Michael Saunders,1986-11-19,,,Victoria,BC,Canada,
Lucas Duda,,,,,,,,,,,,0.292,0.239,0.223,0.253,0.244,,0.217,0.241,,,,,Lucas Duda,1986-02-03,,,Los Angeles,CA,USA,
Jose Altuve,,,,,,,,,,,,0.276,0.29,0.283,0.341,0.313,0.338,0.346,0.316,0.298,,,,Jose Altuve,1990-05-06,,,Puerto Cabello,Carabobo,Venezuela,
Dustin Ackley,,,,,,,,,,,,0.273,0.226,0.253,0.245,0.231,,,,,,,,Dustin Ackley,1988-02-26,,,Winston-Salem,NC,USA,
Ben Revere,,,,,,,,,,,,0.267,0.294,0.305,0.306,0.306,0.217,0.275,,,,,,Ben Revere,1988-05-03,,,Atlanta,GA,USA,
Eduardo Nunez,,,,,,,,,,,,0.265,,0.26,0.25,,0.288,0.313,0.265,,,,,Eduardo Nunez,1987-06-15,,,Santo Domingo,Distrito Nacional,Dominican Republic,
Lonnie Chisenhall,,,,,,,,,,,,0.255,,0.225,0.28,0.246,0.286,0.288,,,,,,Lonnie Chisenhall,1988-10-04,,,Morehead City,NC,USA,
Mark Trumbo,,,,,,,,,,,,0.254,0.268,0.234,0.235,0.262,0.256,0.234,0.261,,,,,Mark Trumbo,1986-01-16,,,Anaheim,CA,USA,
Brayan Pena,,,,,,,,,,,,0.248,0.236,0.297,0.253,0.273,,,,,,,,Brayan Pena,1982-01-07,,,La Habana,La Habana,Cuba,
Trevor Plouffe,,,,,,,,,,,,0.238,0.235,0.254,0.258,0.244,0.26,0.198,,,,,,Trevor Plouffe,1986-06-15,,,West Hills,CA,USA,
Danny Espinosa,,,,,,,,,,,,0.236,0.247,,0.219,0.24,0.209,0.173,,,,,,Danny Espinosa,1987-04-25,,,Santa Ana,CA,USA,
Yoenis Cespedes,,,,,,,,,,,,,0.292,0.24,0.26,0.291,0.28,0.292,,,,,,Yoenis Cespedes,#N/A,,,#N/A,#N/A,#N/A,
Norichika Aoki,,,,,,,,,,,,,0.288,0.286,0.285,0.287,0.283,0.277,,,,,,Norichika Aoki,#N/A,,,#N/A,#N/A,#N/A,
Alejandro De Aza,,,,,,,,,,,,,0.281,0.264,0.252,0.262,0.205,,,,,,,Alejandro De Aza,1984-04-11,,,Guaymate,La Romana,Dominican Republic,
Brett Lawrie,,,,,,,,,,,,,0.273,0.254,0.247,0.26,0.248,,,,,,,Brett Lawrie,1990-01-18,,,Langley,BC,Canada,
Martin Maldonado,,,,,,,,,,,,,0.266,,,0.21,0.202,0.221,0.225,0.213,,,,Martin Maldonado,1986-08-16,,,Naguabo,SEE BIRTH COUNTRY,Puerto Rico,
Zack Cozart,,,,,,,,,,,,,0.246,0.254,0.221,,0.252,0.297,0.219,,,,,Zack Cozart,1985-08-12,,,Memphis,TN,USA,
Chris Carter,,,,,,,,,,,,,0.239,0.223,0.227,0.199,0.222,,,,,,,Chris Carter,1982-09-16,,,Fremont,CA,USA,
Brian Dozier,,,,,,,,,,,,,0.234,0.244,0.242,0.236,0.268,0.271,0.215,0.238,,,,Brian Dozier,1987-05-15,,,Tupelo,MS,USA,
Derek Norris,,,,,,,,,,,,,0.201,0.246,0.27,0.25,0.186,,,,,,,Derek Norris,1989-02-14,,,Goddard,KS,USA,
Scooter Gennett,,,,,,,,,,,,,,0.324,0.289,0.264,0.263,0.295,0.31,,,,,Scooter Gennett,1990-05-01,,,Cincinnati,OH,USA,
Yasiel Puig,,,,,,,,,,,,,,0.319,0.296,0.255,0.263,0.263,0.267,0.267,,,,Yasiel Puig,1990-12-07,,,Cienfuegos,Cienfuegos,Cuba,
Jose Iglesias,,,,,,,,,,,,,,0.303,,0.3,0.255,0.255,0.269,0.288,,,,Jose Iglesias,#N/A,,,#N/A,#N/A,#N/A,
Matt Adams,,,,,,,,,,,,,,0.284,0.288,,0.249,0.274,0.239,0.226,,,,Matt Adams,1988-08-31,,,Philipsburg,PA,USA,
Avisail Garcia,,,,,,,,,,,,,,0.283,,0.257,0.245,0.33,0.236,0.282,,,,Avisail Garcia,1991-06-12,,,Anaco,Anzoategui,Venezuela,
A.J. Pollock,,,,,,,,,,,,,,0.269,0.302,0.315,,0.266,0.257,0.266,,,,A.J. Pollock,#N/A,,,#N/A,#N/A,#N/A,
Leonys Martin,,,,,,,,,,,,,,0.26,0.274,0.219,0.247,,0.255,0.199,,,,Leonys Martin,#N/A,,,#N/A,#N/A,#N/A,
Evan Gattis,,,,,,,,,,,,,,0.243,0.263,0.246,0.251,0.263,0.226,,,,,Evan Gattis,1986-08-18,,,Dallas,TX,USA,
Juan Lagares,,,,,,,,,,,,,,0.242,0.281,0.259,,0.25,,0.213,,,,Juan Lagares,1989-03-17,,,Constanza,La Vega,Dominican Republic,
Jose Abreu,,,,,,,,,,,,,,,0.317,0.29,0.293,0.304,0.265,0.284,,,,Jose Abreu,#N/A,,,#N/A,#N/A,#N/A,
Steve Pearce,,,,,,,,,,,,,,,0.293,0.218,0.288,0.252,0.284,,,,,Steve Pearce,1983-04-13,,,Lakeland,FL,USA,
Jose Ramirez,,,,,,,,,,,,,,,0.262,0.219,0.312,0.318,0.27,0.255,,,,Jose Ramirez,1992-09-17,,,Bani,Peravia,Dominican Republic,
Yangervis Solarte,,,,,,,,,,,,,,,0.26,0.27,0.286,0.255,0.226,,,,,Yangervis Solarte,1987-07-03,,,Valencia,Carabobo,Venezuela,
Eugenio Suarez,,,,,,,,,,,,,,,0.242,0.28,0.248,0.26,0.283,0.271,,,,Eugenio Suarez,1991-07-18,,,Puerto Ordaz,Bolivar,Venezuela,
Javier Baez,,,,,,,,,,,,,,,0.169,,0.273,0.273,0.29,0.281,,,,Javier Baez,1992-12-01,,,Bayamon,SEE BIRTH COUNTRY,Puerto Rico,
Enrique Hernandez,,,,,,,,,,,,,,,,0.307,0.19,0.215,0.256,0.237,,,,Enrique Hernandez,1991-08-24,,,San Juan,SEE BIRTH COUNTRY,Puerto Rico,
Cesar Hernandez,,,,,,,,,,,,,,,,0.272,0.294,0.294,0.253,0.279,,,,Cesar Hernandez,1966-09-28,,,Yamasa,Monte Plata,Dominican Republic,
Miguel Sano,,,,,,,,,,,,,,,,0.269,0.236,0.264,0.199,0.247,,,,Miguel Sano,1993-05-11,,,San Pedro de Macoris,San Pedro de Macoris,Dominican Republic,
Hernan Perez,,,,,,,,,,,,,,,,0.243,0.272,0.259,0.253,0.228,,,,Hernan Perez,1991-03-26,,,Villa de Cura,Aragua,Venezuela,
Addison Russell,,,,,,,,,,,,,,,,0.242,0.238,0.239,0.25,0.237,,,,Addison Russell,1994-01-23,,,Pensacola,FL,USA,